-- MySQL dump 10.13  Distrib 5.6.24, for debian-linux-gnu (x86_64)
--
-- Host: localhost    Database: gemar_imoveis
-- ------------------------------------------------------
-- Server version	5.6.24-0ubuntu2

/*!40101 SET @OLD_CHARACTER_SET_CLIENT=@@CHARACTER_SET_CLIENT */;
/*!40101 SET @OLD_CHARACTER_SET_RESULTS=@@CHARACTER_SET_RESULTS */;
/*!40101 SET @OLD_COLLATION_CONNECTION=@@COLLATION_CONNECTION */;
/*!40101 SET NAMES utf8 */;
/*!40103 SET @OLD_TIME_ZONE=@@TIME_ZONE */;
/*!40103 SET TIME_ZONE='+00:00' */;
/*!40014 SET @OLD_UNIQUE_CHECKS=@@UNIQUE_CHECKS, UNIQUE_CHECKS=0 */;
/*!40014 SET @OLD_FOREIGN_KEY_CHECKS=@@FOREIGN_KEY_CHECKS, FOREIGN_KEY_CHECKS=0 */;
/*!40101 SET @OLD_SQL_MODE=@@SQL_MODE, SQL_MODE='NO_AUTO_VALUE_ON_ZERO' */;
/*!40111 SET @OLD_SQL_NOTES=@@SQL_NOTES, SQL_NOTES=0 */;

--
-- Table structure for table `bairro`
--

DROP TABLE IF EXISTS `bairro`;
/*!40101 SET @saved_cs_client     = @@character_set_client */;
/*!40101 SET character_set_client = utf8 */;
CREATE TABLE `bairro` (
  `codigo` int(11) NOT NULL,
  `cidade` int(11) NOT NULL,
  `nome` varchar(250) NOT NULL,
  PRIMARY KEY (`codigo`),
  KEY `Índex 2` (`cidade`),
  CONSTRAINT `FK_bairro_cidade` FOREIGN KEY (`cidade`) REFERENCES `cidade` (`codigo`)
) ENGINE=InnoDB DEFAULT CHARSET=utf8;
/*!40101 SET character_set_client = @saved_cs_client */;

--
-- Dumping data for table `bairro`
--

LOCK TABLES `bairro` WRITE;
/*!40000 ALTER TABLE `bairro` DISABLE KEYS */;
INSERT INTO `bairro` VALUES (3082,2695,'Parque Flamboyants'),(3083,2695,'Eduardo Mendes (Aeroporto)'),(3084,2695,'Beatriz'),(3085,2695,'Bosque'),(3086,2695,'Brasília'),(3087,2695,'Centro'),(3088,2695,'Conjunto Amparo'),(3090,2695,'Conjunto Mauá'),(3091,2695,'Conjunto Ouro Verde'),(3092,2695,'Distrito Industrial'),(3093,2695,'Eduardo Moreira (Aeroporto)'),(3094,2695,'Goiás'),(3095,2695,'Goiás (Parte Alta)'),(3096,2695,'Gutierrez'),(3097,2695,'Idelmino'),(3098,2695,'Independência'),(3099,2695,'Industrial'),(3100,2695,'Jardim das Hortênsias'),(3101,2695,'Jardim das Rosas'),(3102,2695,'Jardim de Fátima'),(3103,2695,'Jardim Ipanema'),(3104,2695,'Jardim Panorama'),(3105,2695,'Jardim Regina'),(3106,2695,'João Calixto'),(3107,2695,'Jóquei Clube'),(3108,2695,'Maria Eugênia'),(3109,2695,'Miranda'),(3110,2695,'Morada de Fátima'),(3111,2695,'Nossa Senhora da Penha'),(3112,2695,'Novo Horizonte'),(3113,2695,'Oliveira'),(3114,2695,'Paineiras'),(3115,2695,'Palmeiras do Império'),(3116,2695,'Paraíso'),(3119,2695,'Residencial Madri'),(3120,2695,'Santa Helena'),(3121,2695,'Santiago'),(3122,2695,'Santo Antônio'),(3123,2695,'São João'),(3124,2695,'São Judas Tadeu'),(3125,2695,'São Luiz'),(3126,2695,'São Sebastião'),(3127,2695,'Sewa'),(3128,2695,'Sibipuruna'),(3129,2695,'Vieno'),(3130,2704,'Abolição'),(3131,2704,'Ademar Rodrigues Vale'),(3132,2704,'Águas de Araxá'),(3133,2704,'Alvorada'),(3134,2704,'Amazonas'),(3135,2704,'Ana Antônia'),(3136,2704,'Ana Pinto de Almeida'),(3137,2704,'Arasol'),(3138,2704,'Área I (CBMM)'),(3139,2704,'Área II'),(3140,2704,'Área III'),(3141,2704,'Armando Santos'),(3142,2704,'Barreiro'),(3143,2704,'Bom Jesus'),(3144,2704,'Brasília'),(3145,2704,'Centro'),(3146,2704,'Conjunto Habitacional Bela Vista'),(3147,2704,'Conjunto Habitacional Boa Vista'),(3148,2704,'Conjunto Habitacional Pão de Açúcar'),(3149,2704,'Distrito Industrial José Honorato da Silva'),(3150,2704,'Domingos Zema'),(3151,2704,'Dona Beja'),(3152,2704,'Engenheiro Clovis Freitas Leal'),(3153,2704,'Francisco Duarte'),(3154,2704,'Jardim das Primaveras'),(3155,2704,'Jardim Residencial Bela Vista'),(3156,2704,'João Ribeiro'),(3157,2704,'José Ferreira Guimarães (Mangueira II)'),(3158,2704,'Leblon'),(3159,2704,'Loteamento'),(3160,2704,'Mangueira I'),(3161,2704,'Mangueira II'),(3162,2704,'Mansões'),(3163,2704,'Micro Distrito Santa Rita'),(3164,2704,'Morada do Sol'),(3165,2704,'Novo Santo Antônio'),(3166,2704,'Novo São Geraldo'),(3167,2704,'Odilon José Carneiro'),(3168,2704,'Orozino Teixeira'),(3169,2704,'Padre Alaor'),(3170,2704,'Parque das Flores'),(3171,2704,'Parque dos Ipês'),(3172,2704,'Rancho das Orquídeas'),(3173,2704,'Recanto do Ipê'),(3174,2704,'Salomão Drumond'),(3175,2704,'Santa Mônica'),(3176,2704,'Santa Rita'),(3177,2704,'Santo Antônio'),(3178,2704,'São Cristóvão'),(3179,2704,'São Domingos'),(3180,2704,'São Francisco'),(3181,2704,'São Geraldo'),(3182,2704,'Doutor Pedro Pezzuti'),(3183,2704,'Serra Morena'),(3184,2704,'Setor Sul'),(3185,2704,'Tiradentes'),(3186,2704,'Urciano Lemos'),(3187,2704,'Veredas da Cidade'),(3188,2704,'Vila Andréa'),(3189,2704,'Vila Estância'),(3190,2704,'Vila Fertiza'),(3191,2704,'Vila Guimarães'),(3192,2704,'Vila Jardim'),(3193,2704,'Vila João Ribeiro'),(3194,2704,'Vila Lamartine (Área II)'),(3195,2704,'Vila Padre Alaor'),(3196,2704,'Vila Santa Luzia'),(3197,2704,'Vila Santa Terezinha'),(3198,2704,'Vila São Pedro'),(3199,2704,'Vila Silvéria'),(3200,2735,'Água Santa'),(3201,2735,'Andaraí'),(3202,2735,'Belvedere'),(3203,2735,'Boa Morte'),(3204,2735,'Boa Vista'),(3205,2735,'Bom Pastor'),(3206,2735,'Caiçaras'),(3207,2735,'Camélias'),(3208,2735,'Caminho Novo'),(3209,2735,'Campo'),(3210,2735,'Carmo'),(3211,2735,'Centro'),(3212,2735,'Chácaras das Andorinhas'),(3213,2735,'Colônia Rodrigo Silva'),(3215,2735,'Diniz II'),(3216,2735,'Eucisa'),(3217,2735,'Fátima'),(3218,2735,'Floresta'),(3219,2735,'Funcionários'),(3221,2735,'Grogotó'),(3222,2735,'Guarani'),(3223,2735,'Guilherme Weyers'),(3224,2735,'Ibiapaba'),(3226,2735,'Ipanema'),(3227,2735,'Jardim'),(3228,2735,'Jardim das Alterosas'),(3229,2735,'João Paulo II'),(3230,2735,'Mansões'),(3231,2735,'Monsenhor Mário Quintão'),(3232,2735,'Monte Mário'),(3233,2735,'Nossa Senhora Aparecida'),(3234,2735,'Nova Suíça'),(3236,2735,'Novo Horizonte'),(3237,2735,'Padre Cunha'),(3238,2735,'Panorama'),(3239,2735,'Passarinhos'),(3240,2735,'Pontilhão'),(3241,2735,'Santa Cecília'),(3242,2735,'Santa Efigênia'),(3243,2735,'Santa Luzia'),(3244,2735,'Santa Maria'),(3245,2735,'Santa Tereza I'),(3246,2735,'Santa Tereza II (Geraldo Xavier)'),(3247,2735,'Santo Antônio'),(3249,2735,'São Francisco'),(3250,2735,'São Geraldo'),(3251,2735,'São Jorge'),(3252,2735,'São José'),(3253,2735,'São Pedro'),(3254,2735,'São Sebastião'),(3255,2735,'São Vicente de Paula'),(3257,2735,'Vale das Rosas'),(3258,2735,'Valentim Prenazzi'),(3259,2735,'Vilela'),(3260,2754,'Aarão Reis'),(3261,2754,'Acaiaca'),(3262,2754,'Adelaide'),(3263,2754,'Alípio de Melo'),(3264,2754,'Alto dos Pinheiros'),(3265,2754,'Álvaro Camargos'),(3267,2754,'Ana Lúcia (Venda Nova)'),(3268,2754,'Anchieta'),(3269,2754,'Aparecida'),(3271,2754,'Bandeirantes (Pampulha)'),(3272,2754,'Barreiro'),(3273,2754,'Barreiro de Cima'),(3274,2754,'Barro Preto'),(3275,2754,'Barroca'),(3276,2754,'Belém'),(3277,2754,'Belmonte'),(3278,2754,'Belvedere'),(3279,2754,'Betânia'),(3280,2754,'Boa Vista'),(3281,2754,'Bonfim'),(3282,2754,'Bonsucesso'),(3283,2754,'Brasil Industrial'),(3284,2754,'Braúnas'),(3285,2754,'Buritis'),(3286,2754,'Cabana'),(3287,2754,'Cachoeirinha'),(3288,2754,'Caetano Furquim'),(3289,2754,'Caiçara'),(3290,2754,'Calafate'),(3291,2754,'Califórnia'),(3292,2754,'Camargos'),(3293,2754,'Campo Alegre'),(3294,2754,'Canaã'),(3295,2754,'Candelária'),(3296,2754,'Capitão Eduardo'),(3297,2754,'Carlos Prates'),(3298,2754,'Carmo'),(3299,2754,'Casa Branca'),(3300,2754,'Castanheira I (Vale do Jatobá)'),(3301,2754,'Castanheira II (Vale do Jatobá)'),(3302,2754,'Castanheiras'),(3303,2754,'Castelo'),(3304,2754,'Celestino'),(3305,2754,'Centro'),(3306,2754,'Céu Azul'),(3311,2754,'Cidade Jardim'),(3312,2754,'Cidade Nova'),(3316,2754,'Concórdia'),(3317,2754,'Conjunto Ademar Maldonado'),(3318,2754,'Átila de Paiva'),(3321,2754,'Conjunto Califórnia'),(3322,2754,'Conjunto Colar'),(3323,2754,'Conjunto Confisco'),(3324,2754,'Conjunto Felicidade'),(3325,2754,'Conjunto Habitacional Vale do Jatobá'),(3326,2754,'Conjunto Helena Antipoff'),(3327,2754,'Conjunto Lagoa'),(3329,2754,'Conjunto Minascaixa'),(3330,2754,'Conjunto Renato Ernesto (Vale do Jatobá )'),(3331,2754,'Conjunto Santa Maria'),(3332,2754,'Conjunto Túnel Ibirité'),(3333,2754,'Conjunto Zilah Spósito'),(3334,2754,'Copacabana'),(3335,2754,'Coqueiros'),(3336,2754,'Coração de Jesus'),(3337,2754,'Coração Eucarístico'),(3338,2754,'Cristo Redentor'),(3339,2754,'Cruz de Malta (Vale do Jatobá)'),(3340,2754,'Cruzeiro'),(3341,2754,'Diamante'),(3342,2754,'Distrito Industrial (Vale do Jatobá)'),(3343,2754,'Dom Bosco'),(3344,2754,'Dom Cabral'),(3346,2754,'Dom Silvério'),(3347,2754,'Dona Clara'),(3348,2754,'Engenho Nogueira'),(3349,2754,'Enseada das Garças'),(3350,2754,'Esplanada'),(3351,2754,'Esplendor (Venda Nova)'),(3352,2754,'Estoril'),(3353,2754,'Estrela Dalva'),(3354,2754,'Estrela do Oriente'),(3355,2754,'Etelvina Carneiro'),(3356,2754,'Europa'),(3357,2754,'Eymard'),(3358,2754,'Fernão Dias'),(3359,2754,'Flávio Marques Lisboa'),(3360,2754,'Floramar'),(3361,2754,'Floresta'),(3362,2754,'Frei Eustáquio'),(3363,2754,'Funcionários'),(3364,2754,'Gameleira'),(3365,2754,'Glalijá'),(3366,2754,'Goiânia'),(3367,2754,'Graça'),(3368,2754,'Grajaú'),(3369,2754,'Guarani'),(3371,2754,'Gutierrez'),(3372,2754,'Havaí'),(3373,2754,'Heliópolis'),(3374,2754,'Horto'),(3375,2754,'Humaitá'),(3377,2754,'Indaiá'),(3378,2754,'Independência'),(3379,2754,'Indians'),(3380,2754,'Indústrias'),(3381,2754,'Ipanema'),(3382,2754,'Ipiranga'),(3383,2754,'Ipiranga (Barreiro)'),(3385,2754,'Itaipu'),(3386,2754,'Itamarati'),(3387,2754,'Itapoã'),(3388,2754,'Itatiaia'),(3389,2754,'Jacqueline'),(3390,2754,'Jaraguá'),(3391,2754,'Jardim Alvorada'),(3392,2754,'Jardim América'),(3393,2754,'Jardim Atlântico'),(3395,2754,'Jardim Belmonte'),(3396,2754,'Jardim das Nações'),(3397,2754,'Jardim dos Comerciários (Venda Nova)'),(3399,2754,'Jardim Filadélfia'),(3400,2754,'Jardim Florência (Venda Nova)'),(3401,2754,'Jardim Guanabara'),(3402,2754,'Jardim Inconfidência'),(3403,2754,'Jardim Montanhês'),(3404,2754,'Jardim Paquetá'),(3405,2754,'Jardim Pirineus'),(3406,2754,'Minaslândia (P Maio)'),(3407,2754,'Jardim Vitória'),(3408,2754,'Jardinópolis'),(3409,2754,'João Pinheiro'),(3410,2754,'Jonas Veiga'),(3411,2754,'Juliana'),(3412,2754,'Lagoa'),(3413,2754,'Lagoinha'),(3414,2754,'Lagoinha (Venda Nova)'),(3415,2754,'Laranjeiras'),(3416,2754,'Leblon (Venda Nova)'),(3417,2754,'Letícia'),(3418,2754,'Liberdade'),(3419,2754,'Lindéia'),(3420,2754,'Lourdes'),(3421,2754,'Luar de Minas'),(3422,2754,'Luxemburgo'),(3423,2754,'Madre Gertrudes'),(3424,2754,'Madri'),(3425,2754,'Manacás'),(3426,2754,'Mangabeiras'),(3427,2754,'Mangueiras'),(3428,2754,'Mangueiras (Vale do Jatobá)'),(3429,2754,'Mantiqueira'),(3430,2754,'Marajó'),(3432,2754,'Marilândia (Jatobá)'),(3434,2754,'Marize'),(3435,2754,'Milionários'),(3436,2754,'Minas Brasil'),(3438,2754,'Monsenhor Messias'),(3439,2754,'Monte Azul'),(3440,2754,'Monte Carmelo'),(3441,2754,'Morro das Pedras'),(3442,2754,'Morro do Papagaio'),(3443,2754,'Nazaré'),(3444,2754,'Nossa Senhora da Glória'),(3445,2754,'Nossa Senhora da Saúde'),(3447,2754,'Nova Barroca'),(3448,2754,'Nova Cachoeirinha'),(3449,2754,'Nova Cintra'),(3450,2754,'Nova Esperança'),(3452,2754,'Nova Floresta'),(3453,2754,'Nova Gameleira'),(3454,2754,'Nova Granada'),(3455,2754,'Nova Pampulha'),(3456,2754,'Nova Suíça'),(3457,2754,'Nova Vista'),(3458,2754,'Nova York'),(3459,2754,'Novo Aarão Reis'),(3460,2754,'Novo Itamarati'),(3461,2754,'Novo Santa Cecília (Vale do Jatobá)'),(3462,2754,'Novo São Francisco'),(3463,2754,'Olaria'),(3464,2754,'Olhos D\'Água'),(3465,2754,'Ouro Preto'),(3466,2754,'Padre Eustáquio'),(3467,2754,'Padre Júlio Maria'),(3468,2754,'Palmares'),(3469,2754,'Palmeiras'),(3470,2754,'Pampulha'),(3471,2754,'Paraíso'),(3472,2754,'Paraúna (Venda Nova)'),(3474,2754,'Parque Copacabana'),(3477,2754,'Parque Leblon'),(3478,2754,'Parque Pedro II'),(3479,2754,'Parque Riachuelo'),(3481,2754,'Parque São João Batista'),(3483,2754,'Paulo VI'),(3484,2754,'Pedra Branca'),(3485,2754,'Pedro II'),(3487,2754,'Petrópolis (Vale do Jatobá)'),(3488,2754,'Pilar'),(3489,2754,'Pindorama'),(3490,2754,'Pio XII'),(3491,2754,'Pirajá'),(3493,2754,'Piratininga (Venda Nova)'),(3494,2754,'Planalto'),(3495,2754,'Pompéia'),(3496,2754,'Prado'),(3497,2754,'Primavera'),(3498,2754,'Primeiro de Maio'),(3500,2754,'Providência'),(3501,2754,'Regina'),(3502,2754,'Renascença'),(3503,2754,'Ribeiro de Abreu'),(3504,2754,'Sagrada Família'),(3505,2754,'Salgado Filho'),(3506,2754,'Santa Amélia'),(3507,2754,'Santa Branca'),(3508,2754,'Santa Cecília (Vale do Jatobá)'),(3510,2754,'Santa Cruz'),(3511,2754,'Santa Cruz (Barreiro)'),(3512,2754,'Santa Efigênia'),(3513,2754,'Santa Helena (Barreiro)'),(3514,2754,'Santa Inês'),(3515,2754,'Santa Isabel'),(3516,2754,'Santa Lúcia'),(3517,2754,'Santa Maria'),(3518,2754,'Santa Maria Goretti'),(3519,2754,'Santa Mônica'),(3520,2754,'Santa Rosa'),(3521,2754,'Santa Teresa'),(3522,2754,'Santo Agostinho'),(3523,2754,'Santo André'),(3524,2754,'Santo Antônio'),(3525,2754,'São Bento'),(3526,2754,'São Bernardo'),(3527,2754,'São Cristóvão'),(3528,2754,'São Francisco'),(3529,2754,'São Gabriel'),(3530,2754,'São Geraldo'),(3531,2754,'São João Batista (Venda Nova)'),(3533,2754,'São José'),(3534,2754,'São José (Pampulha)'),(3535,2754,'São Lucas'),(3536,2754,'São Luiz (Pampulha)'),(3537,2754,'São Marcos'),(3538,2754,'São Paulo'),(3539,2754,'São Pedro'),(3540,2754,'São Pedro (Venda Nova)'),(3541,2754,'São Salvador'),(3542,2754,'São Sebastião (Ressaca)'),(3543,2754,'Saramenha'),(3544,2754,'Satélite'),(3545,2754,'Saudade'),(3546,2754,'Senhor Bom Jesus'),(3547,2754,'Serra'),(3548,2754,'Serra Verde (Venda Nova)'),(3549,2754,'Serrano'),(3550,2754,'Silveira'),(3551,2754,'Sinimbu'),(3552,2754,'Sion'),(3553,2754,'Solimões'),(3555,2754,'Taquaril'),(3556,2754,'Teixeira Dias'),(3557,2754,'Tirol'),(3559,2754,'Trevo'),(3560,2754,'Tupi'),(3561,2754,'União'),(3562,2754,'Universitário'),(3563,2754,'Urca'),(3564,2754,'Urucuia'),(3565,2754,'Vale do Jatobá'),(3566,2754,'Venda Nova'),(3567,2754,'Vera Cruz'),(3569,2754,'Vila Amaral'),(3571,2754,'Vila Capri'),(3572,2754,'Vila Cloris'),(3574,2754,'Vila das Antenas'),(3575,2754,'Vila Ermelinda'),(3576,2754,'Vila Leonina'),(3579,2754,'Vila Magnesita'),(3583,2754,'Vila Nossa Senhora de Fátima'),(3585,2754,'Vila Oeste'),(3587,2754,'Vila Paris'),(3588,2754,'Vila Patrocínio'),(3589,2754,'Vila Pinho (Vale do Jatobá)'),(3591,2754,'Vila Santa Branca (Venda Nova)'),(3593,2754,'Vila Santa Rita (Vale do Jatobá)'),(3594,2754,'Vila Santana do Cafezal'),(3596,2754,'Vila São Domingos'),(3600,2754,'Vila São José'),(3601,2754,'Vila São Tomás'),(3602,2754,'Suzana'),(3605,2754,'Visconde do Rio Branco'),(3606,2754,'Vista Alegre'),(3607,2754,'Washington Pires'),(3608,2762,'Açude'),(3609,2762,'Alvorada'),(3610,2762,'Amarante'),(3611,2762,'Amazonas'),(3613,2762,'Angola'),(3614,2762,'Betim Industrial'),(3615,2762,'Bom Repouso'),(3616,2762,'Bom Retiro'),(3617,2762,'Brasiléia'),(3618,2762,'Cachoeira'),(3619,2762,'Campos Elíseos'),(3620,2762,'Capelinha'),(3622,2762,'Centro'),(3623,2762,'Chácaras'),(3625,2762,'Cidade Verde'),(3627,2762,'Conjunto Olímpia Bueno Franco'),(3628,2762,'Conjunto Romero Gil Lazarotti'),(3629,2762,'Cruzeiro'),(3630,2762,'Cruzeiro do Sul'),(3631,2762,'Dom Bosco'),(3632,2762,'Duque de Caxias'),(3633,2762,'Espírito Santo'),(3635,2762,'Filadélfia'),(3638,2762,'Granja Santo Afonso'),(3639,2762,'Granja São João'),(3640,2762,'Granja Verde'),(3641,2762,'Guanabara'),(3642,2762,'Guarujá'),(3643,2762,'Imbiruçu'),(3645,2762,'Industrial São Pedro'),(3646,2762,'Ingá'),(3647,2762,'Itacolomi'),(3648,2762,'Jardim Alterosa'),(3649,2762,'Jardim Brasília'),(3650,2762,'Jardim Casa Branca'),(3651,2762,'Jardim Cidade'),(3652,2762,'Jardim Perla'),(3653,2762,'Jardim Petrópolis'),(3654,2762,'Jardim Piemont'),(3655,2762,'Jardim Recreio Alvorada'),(3656,2762,'Jardim Santa Cruz'),(3657,2762,'Jardim Teresópolis'),(3658,2762,'Jardim Vianópolis'),(3659,2762,'Kennedy'),(3660,2762,'Laranjeiras'),(3661,2762,'Marajoara'),(3662,2762,'Marimbá'),(3664,2762,'Monte Castelo'),(3665,2762,'Morada do Trevo'),(3666,2762,'Morais'),(3667,2762,'Niterói'),(3668,2762,'Nossa Senhora das Graças'),(3669,2762,'Nossa Senhora de Fátima'),(3670,2762,'Nossa Senhora do Carmo'),(3671,2762,'Nova Baden'),(3672,2762,'Novo Guarujá'),(3673,2762,'Novo Horizonte'),(3674,2762,'Palmeiras'),(3675,2762,'Parque das Indústrias'),(3676,2762,'Parque Fernão Dias'),(3677,2762,'Paulo Camilo'),(3678,2762,'Paulo Camilo 3'),(3679,2762,'Pedreira'),(3680,2762,'Petrovale'),(3681,2762,'PTB'),(3682,2762,'Recanto Verde'),(3683,2762,'Recreio dos Caiçaras'),(3685,2762,'Riacho de Areia'),(3686,2762,'Riviera'),(3687,2762,'Salomé'),(3688,2762,'Santa Cruz'),(3689,2762,'Santa Fé'),(3690,2762,'Santa Inês'),(3691,2762,'Santa Lúcia'),(3692,2762,'Santo Afonso'),(3693,2762,'São Caetano'),(3694,2762,'São Cristóvão'),(3695,2762,'São Miguel'),(3696,2762,'Sidon'),(3698,2762,'Taquaril'),(3699,2762,'Várzea das Flores'),(3700,2762,'Vianópolis'),(3701,2762,'Vila Amaral'),(3702,2762,'Vila Cristina'),(3703,2762,'Vila das Flores'),(3704,2762,'Vila Inconfidência'),(3705,2762,'Vila Monte Líbano'),(3707,2762,'Vila Recreio'),(3708,2762,'Vila Tangará'),(3709,2762,'Vila Triângulo'),(3710,2762,'Vila Universal'),(3711,2885,'Anápolis'),(3712,2885,'Barro Branco'),(3713,2885,'Bela Vista'),(3714,2885,'Esperança'),(3716,2885,'Centro'),(3718,2885,'Esplanada'),(3719,2885,'Graça'),(3720,2885,'Itaúna'),(3721,2885,'Limoeiro'),(3722,2885,'Nossa Senhora Aparecida'),(3723,2885,'Rodoviários'),(3724,2885,'Salatiel'),(3725,2885,'Santa Cruz'),(3726,2885,'Santa Zita'),(3727,2885,'Santo Antônio'),(3728,2885,'Vale do Sol'),(3729,2885,'Zacarias'),(3730,2909,'Ana Carrara'),(3731,2909,'Antônio Justino'),(3732,2909,'Beira Rio'),(3733,2909,'Bela Vista'),(3734,2909,'Bom Pastor'),(3735,2909,'Centenário'),(3736,2909,'Centro'),(3737,2909,'Chácara Bom Sucesso'),(3738,2909,'Chácaras Palmeiras'),(3739,2909,'Colinas'),(3740,2909,'Conjunto João Paulo II'),(3741,2909,'Dico Leite'),(3742,2909,'Distrito Industrial'),(3743,2909,'Esperança'),(3744,2909,'Faber Resende'),(3745,2909,'Fátima'),(3746,2909,'Granjaria'),(3747,2909,'Guanabara'),(3748,2909,'Haidee'),(3749,2909,'Hermenegildo Marote'),(3751,2909,'Horto Florestal'),(3752,2909,'Ibraim Mendoça'),(3753,2909,'Ime Farage'),(3754,2909,'Independência'),(3755,2909,'Iracema'),(3756,2909,'Izabel Cristina Mauad'),(3757,2909,'Izabel Tavares'),(3758,2909,'Jardim'),(3759,2909,'Jardim Bandeirantes I'),(3760,2909,'Jardim Bandeirantes II'),(3761,2909,'Jardim Santa Cristina'),(3762,2909,'João Riguete'),(3763,2909,'José Gabriel de Passos'),(3764,2909,'Leonardo'),(3765,2909,'Menezes'),(3766,2909,'Miguel Rocha'),(3767,2909,'Morada da Serra'),(3768,2909,'Pampulha'),(3769,2909,'Paraíso'),(3770,2909,'Popular'),(3771,2909,'Pouso Alegre'),(3772,2909,'Primavera'),(3773,2909,'Santa Clara'),(3774,2909,'São Diniz'),(3775,2909,'São Pedro'),(3776,2909,'São Sebastião'),(3777,2909,'São Vicente'),(3778,2909,'Sol Nascente'),(3779,2909,'Taquara Preta'),(3780,2909,'Thomé'),(3781,2909,'Vila Domingos Lopes'),(3782,2909,'Vila Minalda'),(3783,2909,'Vila Reis'),(3784,2909,'Vila Rezende'),(3785,2909,'Vila São José'),(3786,2909,'Vila Tereza'),(3787,2980,'Água Branca'),(3788,2980,'Alvorada'),(3789,2980,'Amazonas'),(3790,2980,'Arcádia'),(3792,2980,'Bandeirantes'),(3793,2980,'Beatriz'),(3794,2980,'Bela Vista'),(3795,2980,'Bernardo Monteiro'),(3796,2980,'Betânia'),(3797,2980,'Bom Jesus'),(3799,2980,'Caiapós'),(3800,2980,'Camilo Alves'),(3801,2980,'Campina Verde'),(3802,2980,'Canadá'),(3803,2980,'Carajás'),(3804,2980,'Centro'),(3805,2980,'Chácara Boa Vista'),(3808,2980,'Chácara Contagem'),(3809,2980,'Chácara Cotia'),(3810,2980,'Chácara Del-Rey'),(3811,2980,'Chácara Novo Horizonte'),(3812,2980,'Chácara Planalto'),(3813,2980,'Chácara São Geraldo'),(3814,2980,'Chácaras Califórnia'),(3815,2980,'Chácaras Reunidas Santa Terezinha'),(3816,2980,'Cidade Industrial'),(3817,2980,'Cincão'),(3818,2980,'Cinco'),(3819,2980,'Colonial'),(3820,2980,'Colorado'),(3821,2980,'Conjunto Água Branca'),(3822,2980,'Duque de Caxias'),(3823,2980,'Eldoradinho'),(3824,2980,'Eldorado'),(3825,2980,'Estaleiro'),(3826,2980,'Estância do Hibisco'),(3827,2980,'Estrela Dalva'),(3828,2980,'Feijão Miúdo'),(3829,2980,'Flamengo'),(3830,2980,'Fonte Grande'),(3831,2980,'Glória'),(3832,2980,'Granja Ouro Branco'),(3833,2980,'Granja Vista Alegre'),(3834,2980,'Guanabara'),(3835,2980,'Icaivera'),(3836,2980,'Inconfidentes'),(3837,2980,'Industrial'),(3838,2980,'Industrial Itaú'),(3839,2980,'Industrial Santa Cruz'),(3840,2980,'Industrial São Luiz'),(3841,2980,'Jardim Alvorada'),(3842,2980,'Jardim Balneário'),(3843,2980,'Jardim Bandeirantes'),(3844,2980,'Jardim Califórnia'),(3845,2980,'Jardim das Oliveiras'),(3846,2980,'Jardim do Lago'),(3847,2980,'Jardim Industrial'),(3848,2980,'Jardim Laguna'),(3849,2980,'Jardim Marrocos'),(3850,2980,'Jardim Riacho das Pedras'),(3851,2980,'Jardim Vera Cruz'),(3852,2980,'JK'),(3853,2980,'Kennedy'),(3854,2980,'Linda Vista'),(3855,2980,'Lua Nova da Pampulha'),(3856,2980,'Maria da Conceição'),(3857,2980,'Milanez'),(3858,2980,'Monsenhor Horta'),(3859,2980,'Monte Castelo'),(3860,2980,'Morada Nova'),(3861,2980,'Arvoredo'),(3862,2980,'Nacional'),(3863,2980,'Nossa Senhora da Conceição'),(3864,2980,'Nossa Senhora de Fátima'),(3865,2980,'Nossa Senhora do Carmo'),(3866,2980,'Nova Contagem'),(3867,2980,'Novo Boa Vista'),(3868,2980,'Novo Eldorado'),(3869,2980,'Novo Progresso'),(3870,2980,'Novo Riacho'),(3871,2980,'Olinda'),(3872,2980,'Parque das Mangueiras'),(3873,2980,'Parque Duval de Barros'),(3874,2980,'Parque Maracanã'),(3875,2980,'Parque Recreio'),(3876,2980,'Parque São João'),(3877,2980,'Parque Turistas'),(3878,2980,'Pedra Azul'),(3879,2980,'Perobas'),(3880,2980,'Petrolândia'),(3881,2980,'Funcionários'),(3882,2980,'Praia'),(3883,2980,'Quintas Coloniais'),(3884,2980,'Quintas do Jacuba'),(3885,2980,'Recanto da Pampulha'),(3886,2980,'Ressaca'),(3887,2980,'Retiro'),(3888,2980,'Riacho das Pedras'),(3889,2980,'Santa Cruz Industrial'),(3890,2980,'Santa Edwiges'),(3891,2980,'Santa Helena'),(3892,2980,'Santa Luzia'),(3893,2980,'Santa Maria'),(3894,2980,'Santa Terezinha'),(3895,2980,'Santo Antônio'),(3896,2980,'São Caetano'),(3897,2980,'São Gonçalo'),(3898,2980,'São Gotardo'),(3899,2980,'São Joaquim'),(3900,2980,'São Mateus'),(3901,2980,'São Sebastião'),(3903,2980,'Solar do Madeira'),(3904,2980,'Tijuco'),(3905,2980,'Três Barras'),(3906,2980,'Tropical'),(3907,2980,'Tupã'),(3908,2980,'Vale das Amendoeiras'),(3909,2980,'Vera Cruz'),(3910,2980,'Vila Barroquinha'),(3911,2980,'Vila Belém'),(3912,2980,'Vila Beneves'),(3913,2980,'Vila Boa Vista'),(3914,2980,'Vila Cristina'),(3915,2980,'Vila Darci Vargas'),(3916,2980,'Vila Itália'),(3917,2980,'Vila Magdalena'),(3918,2980,'Vila Militar'),(3919,2980,'Vila Panamá'),(3920,2980,'Vila Paris'),(3921,2980,'Vila Pérola'),(3922,2980,'Vila Santa Luzia'),(3923,2980,'Vila São José'),(3924,2980,'Vila São Paulo'),(3925,2980,'Xangri-Lá'),(3926,2990,'Alipinho'),(3927,2990,'Amaro Lanari'),(3928,2990,'Aparecida do Norte'),(3929,2990,'Belvedere'),(3931,2990,'Bom Jesus'),(3932,2990,'Caladinho'),(3933,2990,'Centro'),(3937,2990,'Córrego Alto'),(3940,2990,'Floresta'),(3941,2990,'Gávea'),(3942,2990,'Giovanini'),(3944,2990,'Júlia Kubitschek'),(3946,2990,'Mangueiras'),(3947,2990,'Manoel Domingos'),(3948,2990,'Manoel Maia (Apara Foice)'),(3949,2990,'Melo Viana'),(3951,2990,'Morada do Vale B'),(3952,2990,'Nossa Senhora da Penha (Centro)'),(3953,2990,'Nossa Senhora do Carmo'),(3954,2990,'Nova Tijuca'),(3955,2990,'Olaria'),(3956,2990,'Parque Industrial Novo Reno'),(3957,2990,'Pedra Linda'),(3958,2990,'Pomar'),(3959,2990,'Potira (Caladão/Contente)'),(3960,2990,'Professores'),(3961,2990,'Recanto Verde'),(3962,2990,'Santa Cruz'),(3963,2990,'Santa Helena'),(3965,2990,'Santa Inez'),(3966,2990,'Santa Luzia'),(3967,2990,'Santa Rita'),(3968,2990,'Santa Terezinha'),(3969,2990,'Santo Antônio'),(3970,2990,'Santo Elói'),(3971,2990,'São Domingos'),(3972,2990,'São Geraldo'),(3973,2990,'São Vicente'),(3975,2990,'Sílvio Pereira'),(3976,2990,'Surinan'),(3977,2990,'Todos os Santos'),(3979,2990,'Universitário'),(3985,3047,'Aeroporto'),(3986,3047,'Afonso Pena'),(3987,3047,'Alterosa'),(3988,3047,'Alvorada'),(3989,3047,'Anchieta'),(3990,3047,'Antônio Fonseca'),(3991,3047,'Bela Vista'),(3992,3047,'Belo Vale'),(3993,3047,'Belvedere'),(3994,3047,'Bom Pastor'),(3995,3047,'Campina Verde'),(3996,3047,'Casa Nova'),(3997,3047,'Catalão'),(3998,3047,'Centro'),(3999,3047,'Chácara Santa Rita'),(4000,3047,'Chácaras Bom Retiro'),(4001,3047,'Chanadour'),(4002,3047,'Cidade Jardim'),(4003,3047,'Conjunto Habitacional Nilda Barros'),(4004,3047,'Conjunto Habitacional Osvaldo Machado Gontijo'),(4005,3047,'Costa Azul'),(4006,3047,'Danilo Passos'),(4007,3047,'Danilo Passos II'),(4008,3047,'Davanuze'),(4009,3047,'Del-Rey'),(4010,3047,'Distrito Industrial Coronel Jovelino Rabelo'),(4011,3047,'Dom Pedro II'),(4012,3047,'Dona Quita'),(4013,3047,'Dona Rosa'),(4014,3047,'Doutor José Thomaz'),(4015,3047,'Dulphe Pinto de Aguiar'),(4016,3047,'Eldorado'),(4018,3047,'Esplanada'),(4021,3047,'Floramar'),(4022,3047,'Floresta'),(4024,3047,'Geraldo Pereira'),(4025,3047,'Grajaú'),(4026,3047,'Granjas do Sheik'),(4027,3047,'Halin Souki'),(4028,3047,'Icaraí'),(4029,3047,'Industrial'),(4030,3047,'Interlagos'),(4031,3047,'Ipanema'),(4032,3047,'Ipiranga'),(4033,3047,'Itacolomi'),(4034,3047,'Itaí'),(4035,3047,'Jardim Betânia'),(4037,3047,'Jardim Candelária'),(4038,3047,'Jardim Candidés'),(4039,3047,'Jardim Copacabana'),(4040,3047,'Jardim das Acácias'),(4041,3047,'Jardim das Mansões'),(4042,3047,'Jardim Nova América'),(4043,3047,'Jardim Real'),(4044,3047,'Jardinópolis'),(4045,3047,'João Antônio Gonçalves'),(4046,3047,'João Paulo II'),(4047,3047,'Juscelino Kubitschek'),(4048,3047,'Jussara'),(4049,3047,'Juza Fonseca'),(4050,3047,'Levindo Paula Pereira'),(4051,3047,'Mangabeiras'),(4052,3047,'Manoel Valinhas'),(4054,3047,'Marajó'),(4055,3047,'Maria Helena'),(4056,3047,'Maria Peçanha'),(4057,3047,'Morada Nova'),(4058,3047,'Morumbi'),(4059,3047,'Nações'),(4060,3047,'Niterói'),(4061,3047,'Nossa Senhora da Conceição'),(4062,3047,'Nossa Senhora das Graças'),(4063,3047,'Nossa Senhora de Lourdes'),(4064,3047,'Nova Fortaleza'),(4065,3047,'Nova Holanda'),(4066,3047,'Nova Suíça'),(4067,3047,'Oliveiras'),(4068,3047,'Orion'),(4069,3047,'Pacaembu'),(4070,3047,'Padre Eustáquio'),(4071,3047,'Padre Herculano Yanes'),(4072,3047,'Paraíso'),(4073,3047,'Parque Jardim Capitão Silva'),(4074,3047,'Planalto'),(4075,3047,'Ponte Funda'),(4076,3047,'Porto Velho'),(4077,3047,'Primavera'),(4078,3047,'Quinta das Palmeiras'),(4079,3047,'Quintino'),(4080,3047,'Rancho Alegre'),(4081,3047,'Realengo'),(4082,3047,'Residencial Castelo'),(4083,3047,'Residencial Morumbi'),(4084,3047,'Sagrada Família'),(4085,3047,'Santa Clara'),(4086,3047,'Santa Lúcia'),(4087,3047,'Santa Luzia'),(4088,3047,'Santa Rosa'),(4089,3047,'Santa Tereza'),(4090,3047,'Santo André'),(4091,3047,'Santo Antônio'),(4092,3047,'Santos Dumont'),(4093,3047,'São Bento'),(4094,3047,'São Caetano'),(4096,3047,'São Domingos'),(4098,3047,'São Geraldo'),(4099,3047,'São João de Deus'),(4100,3047,'São José'),(4101,3047,'São Lucas'),(4102,3047,'São Luís'),(4104,3047,'São Miguel'),(4106,3047,'São Paulo'),(4107,3047,'São Sebastião'),(4108,3047,'São Simão'),(4109,3047,'Savassi'),(4110,3047,'Serra Verde'),(4111,3047,'Sion'),(4112,3047,'Terra Azul'),(4113,3047,'Tietê'),(4114,3047,'Vale do Sol'),(4115,3047,'Vila Belo Horizonte'),(4116,3047,'Vila Cruzeiro'),(4117,3047,'Vila Espírito Santo'),(4119,3047,'Vila Rica'),(4120,3047,'Vila Romana'),(4121,3047,'Vivendas da Exposição'),(4122,3047,'Xavantes'),(4123,3047,'Zona Sul'),(4124,3169,'Altinópolis'),(4125,3169,'Azteca'),(4126,3169,'Bela Vista'),(4127,3169,'Capim'),(4128,3169,'Carapina'),(4129,3169,'Cardo'),(4130,3169,'Centro'),(4131,3169,'Floresta'),(4132,3169,'Distrito Industrial'),(4133,3169,'Elvamar'),(4134,3169,'Esperança'),(4135,3169,'Esplanada'),(4136,3169,'Fazenda Figueira'),(4137,3169,'Grã-Duquesa'),(4138,3169,'Ilha dos Araújos'),(4139,3169,'Jardim Alice'),(4140,3169,'Jardim Atalaia'),(4141,3169,'Jardim do Trevo'),(4142,3169,'Jardim Ipê'),(4143,3169,'Jardim Pérola'),(4144,3169,'JK'),(4145,3169,'Kennedy'),(4146,3169,'Lourdes'),(4147,3169,'Mãe de Deus'),(4148,3169,'Maravilha'),(4149,3169,'Maria Eugênia'),(4150,3169,'Morada do Acampamento'),(4151,3169,'Morada do Vale'),(4152,3169,'Nossa Senhora das Graças'),(4153,3169,'Nossa Senhora de Fátima'),(4154,3169,'Nova Vila Bretas'),(4155,3169,'Palmeiras'),(4156,3169,'Park da Fraternidade'),(4157,3169,'Parque Ibituruna'),(4158,3169,'Penha'),(4159,3169,'Planalto'),(4160,3169,'Recanto das Cachoeiras'),(4161,3169,'Sagrada Família'),(4162,3169,'Santa Efigênia'),(4163,3169,'Santa Helena'),(4164,3169,'Santa Paula'),(4165,3169,'Santa Rita'),(4166,3169,'Santa Terezinha'),(4167,3169,'Santo Antônio'),(4168,3169,'Santos Dumont I'),(4170,3169,'São Cristóvão'),(4171,3169,'São Geraldo'),(4172,3169,'São José'),(4173,3169,'São Luiz'),(4174,3169,'São Paulo'),(4175,3169,'São Raimundo'),(4176,3169,'São Tarcísio'),(4177,3169,'Sir'),(4179,3169,'Universitário'),(4180,3169,'Vale Verde'),(4181,3169,'Vera Cruz'),(4182,3169,'Vila Bretas'),(4183,3169,'Vila do Sol'),(4184,3169,'Vila dos Montes'),(4185,3169,'Vila Império'),(4186,3169,'Vila Isa'),(4187,3169,'Vila Mariana'),(4188,3169,'Vila Mariquita'),(4189,3169,'Vila Ozanan'),(4190,3169,'Vila Rica'),(4191,3169,'Vila São João'),(4192,3169,'Vilagge da Serra'),(4193,3169,'Vista Alegre'),(4194,3229,'Águas'),(4195,3229,'Barra Alegre'),(4196,3229,'Bela Vista'),(4197,3229,'Bethânia'),(4198,3229,'Bom Jardim'),(4199,3229,'Bom Retiro'),(4200,3229,'Canaã'),(4201,3229,'Caravelas'),(4202,3229,'Cariru'),(4203,3229,'Castelo'),(4204,3229,'Centro'),(4205,3229,'Chácaras Madalena'),(4206,3229,'Chácaras Oliveira'),(4207,3229,'Cidade Nobre'),(4208,3229,'Córrego Novo'),(4209,3229,'Esperança'),(4210,3229,'Ferroviários'),(4212,3229,'Granjas Vagalume'),(4213,3229,'Horto'),(4214,3229,'Ideal'),(4215,3229,'Iguaçu'),(4216,3229,'Imbaúbas'),(4218,3229,'Jardim Panorama'),(4219,3229,'Limoeiro'),(4220,3229,'Novo Cruzeiro'),(4223,3229,'Veneza'),(4224,3229,'Vila Celeste'),(4225,3229,'Vila Ipanema'),(4226,3234,'Abóboras'),(4227,3234,'Água Fresca'),(4228,3234,'Alto Pereira'),(4230,3234,'Amazonas'),(4233,3234,'Barreiro'),(4234,3234,'Bela Vista'),(4235,3234,'Boa Esperança'),(4237,3234,'Campestre I'),(4239,3234,'Centro'),(4241,3234,'Clóvis Alvim I'),(4242,3234,'Clóvis Alvim II'),(4243,3234,'Colina da Praia'),(4246,3234,'Distrito Industrial'),(4247,3234,'Doze de Março'),(4248,3234,'Eldorado'),(4249,3234,'Esplanada da Estação'),(4250,3234,'Fênix'),(4251,3234,'Gabiroba (1ª Seção)'),(4255,3234,'Gianette'),(4256,3234,'Hamilton'),(4258,3234,'JK'),(4259,3234,'João XXIII'),(4260,3234,'Juca Batista'),(4261,3234,'Juca Rosa'),(4267,3234,'Machado'),(4268,3234,'Madre Maria de Jesus'),(4269,3234,'Major Lage de Baixo'),(4270,3234,'Major Lage de Cima'),(4271,3234,'Moinho Velho'),(4272,3234,'Nossa Senhora das Oliveiras'),(4273,3234,'Novo Amazonas'),(4274,3234,'Panorama'),(4275,3234,'Pará'),(4276,3234,'Pedreira do Instituto'),(4277,3234,'Penha'),(4278,3234,'Praia'),(4281,3234,'Quatorze de Fevereiro'),(4282,3234,'Ribeira de Cima'),(4284,3234,'Santa Marta'),(4286,3234,'Santa Ruth'),(4287,3234,'Santa Tereza (Cvrd)'),(4288,3234,'Santo Antônio'),(4289,3234,'São Cristóvão'),(4290,3234,'São Francisco'),(4292,3234,'São Marcos'),(4293,3234,'São Pedro'),(4295,3234,'Valença'),(4296,3234,'Vila Amélia'),(4297,3234,'Vila Bethânia'),(4298,3234,'Vila Conceição de Baixo'),(4303,3234,'Vila Nações Unidas'),(4305,3234,'Vila Piedade'),(4307,3234,'Vila Salica'),(4309,3234,'Vila Santa Izabel'),(4310,3234,'Vila São Geraldo'),(4311,3234,'Vila São Joaquim'),(4312,3234,'Vila Senhora de Fátima'),(4316,3245,'Açude'),(4317,3245,'Açude (Jd Colina)'),(4318,3245,'Água Preta'),(4319,3245,'Anhumas'),(4320,3245,'Avenida'),(4321,3245,'Boa Vista'),(4322,3245,'Cantina'),(4323,3245,'Capetinga'),(4324,3245,'Centro'),(4325,3245,'Cruzeiro'),(4326,3245,'Distrito Industrial'),(4327,3245,'Estiva'),(4328,3245,'Imbel'),(4329,3245,'Medicina'),(4330,3245,'Morro Chic'),(4331,3245,'Morro Grande'),(4332,3245,'Nações'),(4333,3245,'Nossa Senhora de Fátima'),(4334,3245,'Oriente'),(4336,3245,'Piedade'),(4337,3245,'Pinheirinho'),(4338,3245,'Porto Velho'),(4339,3245,'Rebourgeon'),(4340,3245,'Santa Luzia'),(4341,3245,'Santa Rosa'),(4342,3245,'Santo Antônio'),(4343,3245,'Santos Dumont'),(4344,3245,'São Sebastião'),(4345,3245,'São Vicente'),(4346,3245,'Varginha'),(4347,3245,'Vila Isabel'),(4348,3245,'Vila Poddis'),(4349,3245,'Vila Rubens'),(4350,3267,'Aeroporto'),(4351,3267,'Alaita'),(4352,3267,'Antunes'),(4353,3267,'Bela Vista'),(4354,3267,'Belvedere'),(4355,3267,'Centro'),(4356,3267,'Cerqueira Lima'),(4357,3267,'Chácara do Quitão'),(4358,3267,'Cidade Leonane'),(4359,3267,'Cidade Nova'),(4360,3267,'Conjunto Habitacional Jadir Marinho'),(4361,3267,'Conjunto Habitacional Vitor Gonçalves'),(4362,3267,'Distrito Industrial'),(4363,3267,'Eldorado'),(4364,3267,'Garcias'),(4365,3267,'Graças'),(4366,3267,'Irmãos Auler'),(4367,3267,'Itaunense'),(4368,3267,'Itaunense II'),(4369,3267,'João Paulo II'),(4370,3267,'Lourdes'),(4371,3267,'Morada Nova'),(4372,3267,'Morro do Engenho'),(4373,3267,'Nogueira Machado'),(4374,3267,'Nogueirinha'),(4375,3267,'Novo Horizonte'),(4376,3267,'Padre Eustáquio'),(4377,3267,'Parque Jardim Santanense'),(4378,3267,'Piedade'),(4379,3267,'Residencial Morro do Sol'),(4380,3267,'Residencial Santanense'),(4381,3267,'Residencial Veredas'),(4382,3267,'Santa Mônica'),(4383,3267,'Santanense'),(4384,3267,'Santiago'),(4385,3267,'Santo Antônio'),(4386,3267,'São Bento'),(4387,3267,'São Geraldo'),(4388,3267,'São Judas Tadeu'),(4389,3267,'Três Marias'),(4390,3267,'Tropical'),(4391,3267,'Universitário'),(4392,3267,'Várzea da Olaria'),(4393,3267,'Vila Nazaré'),(4394,3267,'Vila Tavares'),(4395,3267,'Vila Vilaça'),(4396,3267,'Vila Washington'),(4397,3275,'Alcides Junqueira'),(4398,3275,'Alvorada'),(4399,3275,'Bela Vista'),(4400,3275,'Boa Esperança'),(4401,3275,'Boa Vista'),(4402,3275,'Brasil'),(4403,3275,'Camargo'),(4404,3275,'Carvalho'),(4405,3275,'Central'),(4406,3275,'Centro'),(4407,3275,'Cristina'),(4408,3275,'Distrito Industrial'),(4409,3275,'Elândia'),(4410,3275,'Eldorado'),(4411,3275,'Gardênia'),(4412,3275,'Guimarães'),(4413,3275,'Hélio'),(4414,3275,'Independência'),(4415,3275,'Ipiranga'),(4416,3275,'Jardim do Rosário'),(4417,3275,'Jardim Jamila'),(4418,3275,'Jerônimo Mendonça'),(4419,3275,'Lagoa Azul I'),(4420,3275,'Lagoa Azul II'),(4421,3275,'Maria Vilela'),(4422,3275,'Marta Helena'),(4423,3275,'Mirim'),(4424,3275,'Natal'),(4425,3275,'Nossa Senhora Aparecida'),(4426,3275,'Novo Horizonte'),(4427,3275,'Novo Mundo'),(4428,3275,'Novo Tempo II'),(4429,3275,'Paranaíba'),(4430,3275,'Pirapitinga'),(4431,3275,'Platina'),(4432,3275,'Progresso'),(4434,3275,'Ribeiro'),(4435,3275,'Santa Edwiges'),(4436,3275,'Santa Maria'),(4437,3275,'Santo Antônio'),(4438,3275,'São José'),(4440,3275,'Satélite Andradina'),(4441,3275,'Setor Norte'),(4442,3275,'Setor Norte Industrial'),(4443,3275,'Setor Sul'),(4444,3275,'Sol Nascente'),(4445,3275,'Tiradentes'),(4446,3275,'Tupã'),(4447,3275,'Universitário'),(4448,3304,'Aclimação'),(4449,3304,'Alvorada'),(4450,3304,'Areia Preta'),(4451,3304,'Baú'),(4452,3304,'Belmonte'),(4453,3304,'Boa Vista'),(4454,3304,'Campos Elísios'),(4455,3304,'Carneirinhos'),(4457,3304,'Centro Industrial'),(4458,3304,'Cidade Nova'),(4459,3304,'Cruzeiro Celeste'),(4460,3304,'Ernestina Graciana'),(4461,3304,'Feixos'),(4462,3304,'Industrial'),(4463,3304,'Ipiranga'),(4464,3304,'Jacuí'),(4465,3304,'José de Alencar'),(4466,3304,'José Elói'),(4467,3304,'Laranjeiras'),(4468,3304,'Loanda'),(4469,3304,'Lourdes'),(4470,3304,'Lucília'),(4471,3304,'Mangabeiras'),(4472,3304,'Metalúrgico'),(4473,3304,'Nossa Senhora da Conceição'),(4474,3304,'Nova Aclimação'),(4475,3304,'Nova Esperança'),(4476,3304,'Novo Cruzeiro'),(4477,3304,'Novo Horizonte'),(4478,3304,'Paineiras'),(4479,3304,'Palmares'),(4480,3304,'Parque Recreio Paraíso'),(4481,3304,'Petrópolis'),(4482,3304,'República'),(4483,3304,'Rosário'),(4484,3304,'Santa Bárbara'),(4485,3304,'Santa Cruz'),(4486,3304,'Santo Hipólito'),(4487,3304,'São Benedito'),(4488,3304,'São Geraldo'),(4489,3304,'São João'),(4490,3304,'São Jorge'),(4491,3304,'Satélite'),(4492,3304,'Serra'),(4493,3304,'Sion'),(4495,3304,'Tanquinho'),(4496,3304,'Teresópolis'),(4497,3304,'Vale do Sol'),(4498,3304,'Vera Cruz'),(4499,3304,'Vila Tanque'),(4500,3315,'Adolfo Vireque'),(4501,3315,'Aeroporto'),(4502,3315,'Alto dos Pinheiros'),(4503,3315,'Alto Sumaré'),(4504,3315,'Aracy'),(4505,3315,'Bairu'),(4506,3315,'Bandeirantes'),(4507,3315,'Barbosa Lage'),(4508,3315,'Barreira do Triunfo'),(4510,3315,'Benfica'),(4511,3315,'Boa Vista'),(4512,3315,'Bom Clima'),(4513,3315,'Bom Pastor'),(4514,3315,'Bonfim'),(4515,3315,'Bonsucesso'),(4516,3315,'Borboleta'),(4517,3315,'Bosque do Imperador'),(4518,3315,'Bosque dos Pinheiros'),(4519,3315,'Carlos Chagas'),(4520,3315,'Cascatinha'),(4521,3315,'Centenário'),(4522,3315,'Centro'),(4523,3315,'Cerâmica'),(4524,3315,'Chales do Imperador'),(4525,3315,'Cidade do Sol'),(4526,3315,'Cidade Jardim'),(4527,3315,'Cidade Nova'),(4528,3315,'Costa Carvalho'),(4529,3315,'Cruzeiro do Sul'),(4530,3315,'Democrata'),(4531,3315,'Distrito Industrial'),(4532,3315,'Dom Bosco'),(4533,3315,'Eldorado'),(4534,3315,'Encosta do Sol'),(4535,3315,'Esplanada'),(4536,3315,'Fábrica'),(4537,3315,'Filgueiras'),(4538,3315,'Floresta'),(4539,3315,'Francisco Bernardino'),(4540,3315,'Grajaú'),(4541,3315,'Grama'),(4542,3315,'Graminha'),(4543,3315,'Granbery'),(4544,3315,'Granjas Betânia'),(4545,3315,'Granjas Bethel'),(4546,3315,'Granjas do Bosque'),(4547,3315,'Granjas Guarujá'),(4548,3315,'Granjas Santo Antônio'),(4549,3315,'Granville'),(4550,3315,'Industrial'),(4551,3315,'Ipiranga'),(4552,3315,'Ipiranguinha'),(4553,3315,'Jardim Casablanca'),(4554,3315,'Jardim de Alá'),(4555,3315,'Jardim do Sol'),(4556,3315,'Jardim Esperança'),(4557,3315,'Jardim Europa'),(4558,3315,'Jardim Glória'),(4559,3315,'Jardim L Ermitage'),(4561,3315,'Jardim Natal'),(4562,3315,'Jardim Olímpia'),(4564,3315,'Jardins Imperiais'),(4565,3315,'JK'),(4566,3315,'Jóquei Clube'),(4567,3315,'Ladeira'),(4568,3315,'Linhares'),(4569,3315,'Lourdes'),(4570,3315,'Manoel Honório'),(4571,3315,'Mansões do Bom Pastor'),(4572,3315,'Mariano Procópio'),(4573,3315,'Marilândia'),(4574,3315,'Martelos'),(4575,3315,'Marumbi'),(4576,3315,'Milho Branco'),(4577,3315,'Monte Castelo'),(4578,3315,'Morro da Glória'),(4580,3315,'Mundo Novo'),(4581,3315,'Nossa Senhora Aparecida'),(4583,3315,'Nossa Senhora das Graças'),(4584,3315,'Nossa Senhora de Fátima'),(4585,3315,'Nova Benfica'),(4586,3315,'Nova Califórnia'),(4587,3315,'Nova Era'),(4588,3315,'Novo Horizonte'),(4589,3315,'Novo Triunfo'),(4590,3315,'Paineiras'),(4591,3315,'Parque Alto'),(4593,3315,'Parque das Palmeiras'),(4594,3315,'Parque das Samambaias'),(4595,3315,'Parque Guadalajara'),(4596,3315,'Parque Guarani'),(4597,3315,'Parque Guarua'),(4598,3315,'Parque Imperial'),(4599,3315,'Parque Independência'),(4600,3315,'Parque Jardim Burnier'),(4601,3315,'Parque Jardim da Serra'),(4602,3315,'Parque Serra Verde'),(4603,3315,'Passos'),(4604,3315,'Poço Rico'),(4605,3315,'Ponte Preta'),(4606,3315,'Portal da Torre'),(4607,3315,'Progresso'),(4608,3315,'Quintas das Avenidas'),(4609,3315,'Recanto dos Lagos'),(4611,3315,'Residência'),(4612,3315,'Retiro'),(4613,3315,'Sagrado Coração de Jesus'),(4614,3315,'Salvaterra'),(4615,3315,'Santa Cândida'),(4616,3315,'Santa Catarina'),(4617,3315,'Santa Cecília'),(4618,3315,'Santa Cruz'),(4619,3315,'Santa Efigênia'),(4620,3315,'Santa Helena'),(4621,3315,'Santa Luzia'),(4622,3315,'Santa Maria'),(4623,3315,'Santa Paula'),(4624,3315,'Santa Rita de Cássia'),(4625,3315,'Santa Teresa'),(4626,3315,'Santa Terezinha'),(4627,3315,'Santana'),(4628,3315,'Santo Antônio'),(4629,3315,'Santos Anjos'),(4630,3315,'Santos Dumont'),(4631,3315,'São Benedito'),(4632,3315,'São Bernardo'),(4633,3315,'São Dimas'),(4634,3315,'São Francisco de Paula'),(4635,3315,'São Geraldo'),(4636,3315,'São Judas Tadeu'),(4637,3315,'São Mateus'),(4638,3315,'São Pedro'),(4639,3315,'São Sebastião'),(4640,3315,'São Tarcísio'),(4641,3315,'Serra D\'Água'),(4642,3315,'Solidariedade'),(4643,3315,'Teixeiras'),(4644,3315,'Tiguera'),(4645,3315,'Três Moinhos'),(4646,3315,'Tupã'),(4647,3315,'Vale do Amanhecer'),(4648,3315,'Vale do Ipê'),(4649,3315,'Vale Verde'),(4650,3315,'Vila Alpina'),(4651,3315,'Vila Branca'),(4652,3315,'Vila da Prata'),(4653,3315,'Vila Esperança II'),(4654,3315,'Vila Furtado de Menezes'),(4655,3315,'Vila Ideal'),(4656,3315,'Vila Montanhesa'),(4657,3315,'Vila Olavo Costa'),(4658,3315,'Vila Ozanan'),(4660,3315,'Vina Del Mar'),(4661,3315,'Vitorino Braga'),(4662,3315,'Vivendas da Serra'),(4663,3315,'Vivendas do Retiro'),(4665,3448,'Alcides Rabelo'),(4666,3448,'Alice Maia'),(4667,3448,'Alterosa II'),(4668,3448,'Alterosas'),(4669,3448,'Alto da Boa Vista'),(4670,3448,'Alto Floresta'),(4671,3448,'Alto São João'),(4672,3448,'Amazonas'),(4673,3448,'Antônio Canela'),(4674,3448,'Antônio Pimenta'),(4675,3448,'Augusta Mota'),(4676,3448,'Barcelona Park'),(4678,3448,'Bela Vista'),(4679,3448,'Camilo Prates'),(4680,3448,'Cândida Câmara'),(4681,3448,'Canelas I'),(4682,3448,'Canelas II'),(4683,3448,'Centro'),(4685,3448,'Chácara Recanto dos Araçás'),(4686,3448,'Chácaras Paineiras'),(4688,3448,'Cidade Nova'),(4689,3448,'Cidade Santa Maria'),(4690,3448,'Cintra'),(4691,3448,'Clarindo Lopes'),(4694,3448,'Conjunto Alterosa'),(4695,3448,'Conjunto Bandeirantes'),(4696,3448,'Conjunto Chiquinho Guimarães'),(4697,3448,'Conjunto Ciro dos Anjos'),(4698,3448,'Conjunto Cristo Rei'),(4699,3448,'Conjunto Havaí'),(4700,3448,'Conjunto Residencial JK'),(4702,3448,'Delfino Magalhães'),(4703,3448,'Distrito Industrial'),(4704,3448,'Dona Gregória'),(4705,3448,'Dos Mangues'),(4706,3448,'Doutor Joaquim Costa'),(4707,3448,'Edgar Pereira'),(4708,3448,'Eldorado'),(4709,3448,'Esplanada'),(4710,3448,'Europa'),(4711,3448,'Francisco Peres I'),(4712,3448,'Funcionários'),(4713,3448,'Guarujá'),(4714,3448,'Ibituruna'),(4715,3448,'Inconfidentes'),(4716,3448,'Independência'),(4717,3448,'Interlagos'),(4718,3448,'Jaraguá I'),(4719,3448,'Jaraguá II'),(4720,3448,'Jardim Alegre'),(4721,3448,'Jardim Alvorada'),(4722,3448,'Jardim América'),(4723,3448,'Jardim Brasil'),(4724,3448,'Jardim Liberdade'),(4725,3448,'Jardim Palmeiras'),(4726,3448,'Jardim Panorama'),(4727,3448,'Jardim Primavera'),(4728,3448,'Jardim São Geraldo'),(4729,3448,'Jardim São Luiz'),(4730,3448,'João Alves'),(4731,3448,'João Botelho'),(4732,3448,'João Gordo'),(4733,3448,'José Carlos Vale de Lima'),(4734,3448,'José Correia Machado'),(4735,3448,'Juscelino Kubitschek'),(4736,3448,'Lourdes'),(4737,3448,'Major Prates'),(4738,3448,'Maracanã'),(4740,3448,'Melo'),(4741,3448,'Monte Alegre'),(4742,3448,'Monte Carmelo'),(4743,3448,'Morada da Serra'),(4744,3448,'Morada do Parque'),(4745,3448,'Morada do Sol'),(4746,3448,'Morrinhos'),(4747,3448,'Nossa Senhora das Graças'),(4748,3448,'Nossa Senhora de Fátima'),(4749,3448,'Nova América'),(4750,3448,'Novo Delfino'),(4751,3448,'Panorama II'),(4752,3448,'Planalto'),(4753,3448,'Planalto II'),(4754,3448,'Regina Peres'),(4755,3448,'Renascença'),(4756,3448,'Roxo Verde'),(4757,3448,'Sagrada Família'),(4758,3448,'Santa Cecília'),(4759,3448,'Santa Eugênia'),(4760,3448,'Santa Laura'),(4761,3448,'Santa Lúcia'),(4762,3448,'Santa Lúcia II'),(4763,3448,'Santa Maria'),(4764,3448,'Santa Rita I'),(4765,3448,'Santa Rita II'),(4766,3448,'Santo Antônio'),(4767,3448,'Santo Antônio II'),(4768,3448,'Santo Expedito'),(4769,3448,'Santo Inácio'),(4771,3448,'Santos Reis'),(4772,3448,'São Geraldo'),(4773,3448,'São José'),(4774,3448,'São Judas Tadeu I'),(4775,3448,'São Judas Tadeu II'),(4777,3448,'Sapucaia'),(4778,3448,'Tancredo Neves'),(4779,3448,'Todos os Santos'),(4780,3448,'Vargem Grande II'),(4781,3448,'Vera Cruz'),(4782,3448,'Vila Alice'),(4783,3448,'Vila Anália'),(4784,3448,'Vila Antônio Narciso'),(4785,3448,'Vila Atlântida'),(4787,3448,'Vila Brasília'),(4788,3448,'Vila Campos'),(4789,3448,'Vila Castelo Branco'),(4790,3448,'Vila Exposição'),(4793,3448,'Vila Greice'),(4794,3448,'Vila Guilhermina'),(4795,3448,'Vila Ipiranga'),(4796,3448,'Vila Luiza'),(4798,3448,'Vila Maria Cândida'),(4799,3448,'Vila Mauricéia'),(4801,3448,'Vila Nossa Senhora Aparecida'),(4802,3448,'Vila Nova Morada'),(4803,3448,'Vila Oliveira'),(4804,3448,'Vila Oliveira II'),(4806,3448,'Vila Regina'),(4807,3448,'Vila Santa Cruz'),(4808,3448,'Vila Santa Mônica'),(4811,3448,'Vila São Francisco de Assis'),(4813,3448,'Vila Senhor do Bonfim'),(4814,3448,'Vila Sion'),(4815,3448,'Vila Sion II'),(4816,3448,'Vila Sumaré'),(4817,3448,'Vila Telma'),(4818,3448,'Vila Tiradentes'),(4819,3448,'Vila Toncheff'),(4820,3448,'Vila Três Irmãos'),(4821,3448,'Vila Tupã'),(4822,3448,'Village do Lago I'),(4823,3448,'Village do Lago II'),(4824,3531,'Belvedere'),(4825,3531,'Centro'),(4827,3531,'Coração de Jesus'),(4828,3531,'Distrito Industrial II'),(4829,3531,'Dom Bosco'),(4830,3531,'Grão Pará'),(4831,3531,'Independência'),(4832,3531,'Jardim Beatriz'),(4833,3531,'Jardim Castelo Branco'),(4834,3531,'Jardim das Piteiras'),(4837,3531,'Jardim Serra Dourada'),(4838,3531,'Jardim Serra Verde'),(4839,3531,'JK'),(4841,3531,'Nossa Senhora das Graças'),(4842,3531,'Nossa Senhora de Fátima'),(4843,3531,'Nossa Senhora de Lourdes'),(4844,3531,'Novo Horizonte'),(4845,3531,'Padre Libério'),(4846,3531,'Papa João Paulo II'),(4848,3531,'Providência'),(4849,3531,'Recanto da Lagoa'),(4851,3531,'Redentor'),(4852,3531,'Residencial Dona Flor'),(4853,3531,'Residencial Dona Tunica'),(4854,3531,'Santa Edwirges'),(4855,3531,'Santo Antônio'),(4856,3531,'Santos Dumont'),(4857,3531,'São Cristóvão'),(4858,3531,'São Francisco'),(4859,3531,'São José'),(4860,3531,'São Luiz'),(4861,3531,'São Paulo'),(4862,3531,'São Pedro'),(4864,3531,'Senador Valadares'),(4865,3531,'Setor Industrial II'),(4867,3531,'Vila Benvinda'),(4868,3531,'Vila Ferreira'),(4870,3531,'Vila Maria'),(4871,3531,'Vila Nossa Senhora Auxiliadora'),(4872,3531,'Vila Raquel'),(4873,3531,'Vila Ronaldo Pereira'),(4874,3531,'Vila Santa Izabel'),(4875,3531,'Vila Sinhô'),(4876,3547,'Águas'),(4877,3547,'Belo Horizonte'),(4878,3547,'Candeias'),(4879,3547,'Canjeranus'),(4880,3547,'Carmelo'),(4881,3547,'Centro'),(4882,3547,'COHAB I'),(4883,3547,'COHAB II'),(4884,3547,'COHAB IV'),(4885,3547,'Coimbras'),(4886,3547,'Distrito Industrial'),(4887,3547,'Doutor Mario Magalhães'),(4888,3547,'Exposição'),(4889,3547,'Jardim Aclimação'),(4890,3547,'Jardim Bela Vista'),(4891,3547,'Jardim Belo Horizonte'),(4892,3547,'Jardim Califórnia'),(4893,3547,'Jardim Centenário'),(4894,3547,'Jardim Colégio de Passos'),(4895,3547,'Jardim das Estrelas'),(4896,3547,'Jardim Embratel'),(4897,3547,'Jardim Europa'),(4898,3547,'Jardim Harmonia'),(4899,3547,'Jardim Itália'),(4900,3547,'Jardim Panorama'),(4901,3547,'Jardim Planalto'),(4902,3547,'Jardim Polivalente'),(4903,3547,'Jardim Primavera'),(4904,3547,'Jardim Primavera II'),(4905,3547,'Jardim Santa Luzia'),(4906,3547,'Jardim Satélite'),(4907,3547,'Jardim Vila Rica'),(4908,3547,'Maria Augusta'),(4909,3547,'Monsenhor João Pedro'),(4910,3547,'Monsenhor Messias'),(4911,3547,'Nossa Senhora Aparecida'),(4912,3547,'Nossa Senhora das Graças'),(4913,3547,'Nossa Senhora de Fátima'),(4914,3547,'Nossa Senhora de Lourdes'),(4915,3547,'Novo Horizonte'),(4916,3547,'Novo Mundo II'),(4917,3547,'Novo Mundo III'),(4918,3547,'Parque Casarão'),(4919,3547,'Parque da Fazenda'),(4920,3547,'Parque Estação'),(4921,3547,'Parque Residencial Eldorado'),(4922,3547,'Parque São João'),(4923,3547,'Penha'),(4924,3547,'Penha II'),(4925,3547,'Recanto da Teka'),(4926,3547,'Santa Casa'),(4927,3547,'Santa Maria Goretti'),(4928,3547,'Santa Rita'),(4929,3547,'Santa Terezinha'),(4930,3547,'São Benedito'),(4931,3547,'São Francisco'),(4932,3547,'Serra das Brisas'),(4933,3547,'Serra Verde'),(4934,3547,'Umuarama'),(4935,3547,'Umuarama II'),(4936,3547,'Vila São José'),(4937,3547,'Washington Noronha'),(4938,3549,'Abner Afonso'),(4939,3549,'Alto dos Caiçaras'),(4940,3549,'Alto Limoeiro'),(4941,3549,'Alvorada'),(4942,3549,'Antônio Caixeta'),(4943,3549,'Aquarius'),(4944,3549,'Aurélio Caixeta'),(4945,3549,'Bela Vista'),(4946,3549,'Boa Vista'),(4947,3549,'Brasil'),(4948,3549,'Brasília'),(4949,3549,'Caiçaras'),(4950,3549,'Caramuru'),(4951,3549,'Centro'),(4952,3549,'Cerrado'),(4953,3549,'Cidade Jardim'),(4954,3549,'Cidade Nova'),(4955,3549,'Cônego Getúlio'),(4956,3549,'Copacabana'),(4957,3549,'Coração Eucarístico'),(4958,3549,'Cristo Redentor'),(4959,3549,'Distrito Industrial I'),(4960,3549,'Distrito Industrial II'),(4961,3549,'Eldorado'),(4962,3549,'Guanabara'),(4963,3549,'Ipanema'),(4964,3549,'Jardim América'),(4965,3549,'Jardim Andrades'),(4966,3549,'Jardim Califórnia'),(4967,3549,'Jardim Centro'),(4968,3549,'Jardim Céu Azul'),(4969,3549,'Jardim Esperança'),(4970,3549,'Jardim Floresta'),(4971,3549,'Jardim Itamarati'),(4972,3549,'Jardim Panorâmico'),(4973,3549,'Jardim Paraíso'),(4974,3549,'Jardim Paulistano'),(4975,3549,'Jardim Recanto'),(4976,3549,'Lagoa Grande'),(4977,3549,'Lagoinha'),(4978,3549,'Morada do Sol'),(4979,3549,'Nossa Senhora Aparecida'),(4980,3549,'Nossa Senhora das Graças'),(4981,3549,'Nossa Senhora de Fátima'),(4982,3549,'Nova Floresta'),(4983,3549,'Novo Horizonte'),(4984,3549,'Padre Eustáquio'),(4985,3549,'Planalto'),(4986,3549,'Residencial Gramado'),(4987,3549,'Residencial Monjolo'),(4988,3549,'Residencial Sorriso'),(4989,3549,'Rosário'),(4990,3549,'Santa Terezinha'),(4991,3549,'Santo Antônio'),(4992,3549,'São Francisco'),(4993,3549,'Sebastião Amorim'),(4994,3549,'Sobradinho'),(4995,3549,'Valparaíso'),(4996,3549,'Várzea'),(4997,3549,'Vila Garcia'),(4998,3549,'Vila Operária'),(4999,3549,'Vila Rosa'),(5000,3549,'Vila Santa Luzia'),(5002,3632,'Nossa Senhora Aparecida'),(5004,3632,'Augusto de Almeida'),(5005,3632,'Bem Bastos'),(5007,3632,'Boa Esperança'),(5008,3632,'Bortolan'),(5009,3632,'Cabeceira do Córrego Monjolinho'),(5010,3632,'Campo  da Mogiana'),(5011,3632,'Campo do Retirinho'),(5016,3632,'Centro'),(5017,3632,'Chácara Alvorada'),(5018,3632,'Chácara das Rosas'),(5019,3632,'Chácara dos Cravos'),(5020,3632,'Chácara dos Pessegueiros'),(5021,3632,'Chácara Poços de Caldas'),(5022,3632,'Chácara Praia do Sol'),(5023,3632,'Chácara Rancho Azul'),(5024,3632,'Chácara Santa Bárbara'),(5025,3632,'Chácara Santa Cruz'),(5026,3632,'Chácara São Francisco'),(5027,3632,'Chácara São Pedro'),(5028,3632,'Chácaras Poços de Caldas'),(5031,3632,'Condomínio Morada das Flores'),(5032,3632,'Condomínio Pitangueiras'),(5035,3632,'Condomínio Vila Verde'),(5036,3632,'Conjunto Habitacional Pedro Afonso Junqueira'),(5037,3632,'Conjunto União'),(5038,3632,'Country Club'),(5039,3632,'Cristiano Ozório'),(5040,3632,'Dom Bosco'),(5041,3632,'Estância Poços de Caldas'),(5043,3632,'Estância São José'),(5044,3632,'Fazenda Baeta'),(5045,3632,'Dos Funcionários'),(5046,3632,'Gato Preto'),(5048,3632,'Jardim Aeroporto'),(5049,3632,'Jardim Amaryllis'),(5050,3632,'Jardim América'),(5051,3632,'Jardim Bandeirantes'),(5052,3632,'Jardim Bela Vista'),(5053,3632,'Jardim Brasil'),(5055,3632,'Jardim Campos Elísios'),(5056,3632,'Jardim Cascatinha'),(5057,3632,'Jardim Centenário'),(5059,3632,'Jardim Country Club'),(5060,3632,'Jardim das Azaléias'),(5061,3632,'Jardim das Hortênsias'),(5063,3632,'Jardim Del Rey'),(5064,3632,'Jardim do Contorno'),(5065,3632,'Jardim do Ginásio'),(5066,3632,'Jardim dos Estados'),(5067,3632,'Jardim Doutor Ottoni'),(5068,3632,'Jardim Elizabete'),(5069,3632,'Jardim Esperança'),(5070,3632,'Jardim Filipino'),(5071,3632,'Jardim Formosa'),(5072,3632,'Jardim Gama Cruz'),(5073,3632,'Jardim Ipê'),(5075,3632,'Jardim Itamaraty I'),(5076,3632,'Jardim Kennedy'),(5077,3632,'Jardim Kennedy II'),(5078,3632,'Jardim Monte Almo'),(5079,3632,'Jardim Nova Aparecida'),(5080,3632,'Jardim Nova Esperança'),(5081,3632,'Jardim Novo Mundo'),(5083,3632,'Jardim Paraíso'),(5085,3632,'Jardim Philadélphia'),(5086,3632,'Jardim Planalto'),(5087,3632,'Jardim Planalto II'),(5088,3632,'Jardim Quisisana'),(5089,3632,'Jardim Regina'),(5090,3632,'Jardim Santa Augusta'),(5091,3632,'Jardim Santa Helena'),(5094,3632,'Jardim Santa Rita'),(5095,3632,'Jardim Santa Rosália'),(5097,3632,'Jardim São Jorge'),(5098,3632,'Jardim São Paulo'),(5099,3632,'Jardim Vitória'),(5101,3632,'João Pinheiro'),(5102,3632,'Jóias do Vale do Sol'),(5103,3632,'Bianucci'),(5104,3632,'Marçal Santos'),(5105,3632,'Maria Imaculada'),(5106,3632,'Morada dos Pássaros'),(5108,3632,'Da Saúde'),(5109,3632,'Nova Aparecida'),(5110,3632,'Nova Califórnia'),(5111,3632,'Panorama'),(5112,3632,'Parque das Nações'),(5113,3632,'Parque Nova Aurora'),(5114,3632,'Parque Pinheiros'),(5116,3632,'Parque Primavera'),(5117,3632,'Parque São Sebastião'),(5119,3632,'Parque Véu das Noivas'),(5120,3632,'Parque Vivaldi Leite Ribeiro'),(5124,3632,'Real Parque'),(5125,3632,'Residencial Paineiras'),(5126,3632,'Residencial Torre'),(5127,3632,'Santa Ângela'),(5131,3632,'Santa Emília'),(5132,3632,'Santa Lúcia'),(5133,3632,'Santa Margarida'),(5134,3632,'Santa Maria'),(5136,3632,'Santana'),(5137,3632,'Santana do Pedregal'),(5138,3632,'Santo André'),(5139,3632,'São Benedito'),(5140,3632,'São Conrado'),(5141,3632,'São Domingos'),(5142,3632,'São Geraldo'),(5143,3632,'São João'),(5144,3632,'São José'),(5145,3632,'Vale das Antas'),(5146,3632,'Vila Ana Pereira'),(5147,3632,'Vila Bela'),(5148,3632,'Vila Brasil de Nossa Senhora Aparecida'),(5149,3632,'Vila Caio Junqueira'),(5150,3632,'Vila Cascata das Antas'),(5151,3632,'Vila Cruz'),(5152,3632,'Vila Flora'),(5153,3632,'Vila Guaporé'),(5154,3632,'Vila Iguatimara e Fátima'),(5155,3632,'Vila José Carlos'),(5156,3632,'Vila Líder'),(5157,3632,'Vila Menezes'),(5158,3632,'Vila Miglioranzi'),(5159,3632,'Vila Nossa Senhora de Fátima'),(5160,3632,'Vila Nova'),(5161,3632,'Vila Olímpica'),(5162,3632,'Vila Rabelo'),(5164,3632,'Vila Rica'),(5165,3632,'Vila Togni'),(5166,3641,'Alto da Boa Vista'),(5168,3641,'Bom Pastor'),(5169,3641,'Centro'),(5170,3641,'Cerâmica'),(5171,3641,'Copacabana'),(5172,3641,'Esplanada'),(5173,3641,'Fátima'),(5174,3641,'Guarapiranga'),(5175,3641,'Ipanema'),(5176,3641,'Jardim'),(5177,3641,'Nossa Senhora Auxiliadora'),(5178,3641,'Nova Almeida'),(5179,3641,'Novo Horizonte'),(5180,3641,'Palmeiras'),(5181,3641,'Paraíso'),(5182,3641,'Progresso'),(5183,3641,'Rasa'),(5184,3641,'Sagrado Coração de Jesus'),(5185,3641,'Santa Teresa'),(5186,3641,'Santo Antônio I'),(5187,3641,'Santo Antônio II'),(5188,3641,'São Geraldo'),(5189,3641,'São Judas Tadeu'),(5190,3641,'São Pedro'),(5191,3641,'Sumaré'),(5192,3641,'Tijuca'),(5193,3641,'Triângulo'),(5194,3641,'Triângulo Novo'),(5195,3641,'Vale Verde'),(5196,3641,'Vila Alvarenga'),(5197,3641,'Vila Oliveira'),(5199,3689,'Areias (Justinópolis)'),(5200,3689,'Atalaia (Justinópolis)'),(5202,3689,'Belo Vale'),(5204,3689,'Bom Sossego'),(5205,3689,'Botafogo (Justinópolis)'),(5206,3689,'Canoas'),(5207,3689,'Centro'),(5208,3689,'Centro (Justinópolis)'),(5209,3689,'Cerejeira (Justinópolis)'),(5210,3689,'Céu Anil (Justinópolis)'),(5212,3689,'Cidade de Neviana'),(5213,3689,'Condomínio Vale do Ouro'),(5214,3689,'Conjunto Henrique Sapori'),(5215,3689,'Conjunto Nova Pampulha (Justinópolis)'),(5217,3689,'Cruzeiro'),(5218,3689,'Eliane (Justinópolis)'),(5219,3689,'Elizabeth (Justinópolis)'),(5220,3689,'Esperança (Justinópolis)'),(5221,3689,'Felixlândia (Justinópolis)'),(5222,3689,'Flamengo (Justinópolis)'),(5223,3689,'Florença'),(5224,3689,'Fortaleza (Justinópolis)'),(5226,3689,'Granjas Primavera (Justinópolis)'),(5227,3689,'Guadalajara (Justinópolis)'),(5228,3689,'Hawaí (Justinópolis)'),(5230,3689,'Jardim Alvorada (Justinópolis)'),(5231,3689,'Jardim Colonial'),(5232,3689,'Jardim de Alá (Justinópolis)'),(5234,3689,'Jardim Primavera'),(5236,3689,'Kátia (Justinópolis)'),(5237,3689,'Labanca (Justinópolis)'),(5239,3689,'Landi (Justinópolis)'),(5240,3689,'Laredo (Justinópolis)'),(5241,3689,'Lidici (Justinópolis)'),(5242,3689,'Luar da Pampulha (Justinópolis)'),(5243,3689,'Maracanã I (Justinópolis)'),(5244,3689,'Maracanã II (Justinópolis)'),(5245,3689,'Maria Helena (Justinópolis)'),(5246,3689,'Menezes (Justinópolis)'),(5250,3689,'Papine (Justinópolis)'),(5251,3689,'Paraíso das Piabas (Justinópolis)'),(5252,3689,'Pedra Branca (Justinópolis)'),(5253,3689,'Penha (Justinópolis)'),(5254,3689,'Piedade (Justinópolis)'),(5256,3689,'Quintas do Lago'),(5257,3689,'Rosana'),(5258,3689,'Rosaneves'),(5259,3689,'Rosimeire (Justinópolis)'),(5260,3689,'San Genaro'),(5261,3689,'Santa Branca (Justinópolis)'),(5262,3689,'Santa Fé (Justinópolis)'),(5263,3689,'Santa Izabel (Justinópolis)'),(5264,3689,'Santa Margarida (Justinópolis)'),(5265,3689,'Santa Marta'),(5266,3689,'Santa Martinha'),(5267,3689,'Santa Matilde'),(5268,3689,'Santa Paula'),(5269,3689,'Santana (Justinópolis)'),(5270,3689,'Santinho'),(5271,3689,'Santo Antônio'),(5272,3689,'São Geraldo'),(5273,3689,'São Januário (Justinópolis)'),(5274,3689,'São João de Deus (Justinópolis)'),(5275,3689,'São José (Justinópolis )'),(5276,3689,'São Miguel Arcanjo (Justinópolis)'),(5277,3689,'São Pedro'),(5278,3689,'Savassi'),(5280,3689,'Sevilha (1 Seção)'),(5281,3689,'Sevilha (2 Seção)'),(5282,3689,'Sônia (Justinópolis)'),(5283,3689,'Status'),(5284,3689,'Suely (Justinópolis)'),(5285,3689,'Tancredo Neves (Justinópolis)'),(5286,3689,'Tânia'),(5287,3689,'Tony (Justinópolis)'),(5288,3689,'Tropical (Justinópolis)'),(5289,3689,'Urca (Justinópolis)'),(5290,3689,'Vale da Prata'),(5291,3689,'Vale das Acácias'),(5292,3689,'Várzea Alegre'),(5293,3689,'Veneza'),(5294,3689,'Vera Lúcia (Justinópolis)'),(5296,3689,'Vila Delma (Justinópolis)'),(5297,3689,'Vila do Cacique'),(5298,3689,'Vila do Sapé'),(5299,3689,'Vila Esplanada'),(5302,3689,'Vila Real (Justinópolis)'),(5305,3724,'Adelmolândia'),(5306,3724,'Água Férrea'),(5307,3724,'Alto do Cabral'),(5308,3724,'Alto do Fidalgo'),(5309,3724,'Alvorada'),(5310,3724,'Ana Lúcia'),(5311,3724,'Arraial Velho'),(5312,3724,'Borges'),(5313,3724,'Caieira'),(5314,3724,'Centro'),(5316,3724,'Conjunto Morada da Serra'),(5317,3724,'Córrego da Ilha'),(5319,3724,'Distrito Industrial Simão da Cunha'),(5321,3724,'Esplanada'),(5322,3724,'Fogo Apagou'),(5324,3724,'Galego'),(5327,3724,'Itacolomi'),(5329,3724,'Morro da Cruz'),(5330,3724,'Nações Unidas'),(5331,3724,'Nossa Senhora da Conceição'),(5332,3724,'Nossa Senhora de Fátima'),(5333,3724,'Nossa Senhora do Ó'),(5334,3724,'Novo Alvorada'),(5336,3724,'Novo Santa Inês'),(5337,3724,'Paciência'),(5338,3724,'Padre Chiquinho'),(5340,3724,'Pompeu'),(5342,3724,'Praia dos Bandeirantes'),(5343,3724,'Rio Negro'),(5344,3724,'Roça Grande'),(5345,3724,'Rosário'),(5346,3724,'Santana'),(5347,3724,'Santo Antônio (Roça Grande)'),(5348,3724,'São Francisco'),(5349,3724,'São José'),(5350,3724,'Siderúrgica'),(5351,3724,'Terra Santa'),(5352,3724,'Valparaíso'),(5353,3724,'Vila Amélia Moreira'),(5354,3724,'Vila Bom Retiro'),(5356,3724,'Vila Campinas'),(5358,3724,'Vila dos Coqueiros'),(5359,3724,'Vila Esperança'),(5360,3724,'Vila Eugênio Rossi'),(5362,3724,'Vila Francisco de Moura'),(5364,3724,'Vila Ipê'),(5366,3724,'Vila Marzagão'),(5367,3724,'Vila Michel'),(5368,3724,'Vila Nossa Senhora da Conceição (General Carneiro)'),(5369,3724,'Vila Nova Vista'),(5372,3724,'Vila Rica'),(5373,3724,'Vila Santa Cruz'),(5374,3724,'Vila Santa Rita'),(5376,3724,'Vila Santo Antônio de Pádua'),(5380,3724,'Vila São Sebastião'),(5382,3749,'Adeodato'),(5383,3749,'Asteca (São Benedito)'),(5384,3749,'Baronesa (São Benedito)'),(5385,3749,'Barreiro do Amaral'),(5386,3749,'Bela Vista'),(5387,3749,'Boa Esperança'),(5388,3749,'Bom Destino'),(5389,3749,'Bom Jesus'),(5390,3749,'Bonanza'),(5391,3749,'Camelos'),(5392,3749,'Capitão Paulo'),(5393,3749,'Centro'),(5394,3749,'Colorado'),(5395,3749,'Conjunto Cristina (São Benedito)'),(5396,3749,'Conjunto Palmital (São Benedito)'),(5397,3749,'Belo Vale'),(5398,3749,'Córrego Frio'),(5399,3749,'Distrito Industrial Simão da Cunha'),(5401,3749,'Distrito Industrial III'),(5403,3749,'Duquesa I (São Benedito)'),(5404,3749,'Duquesa II (São Benedito)'),(5405,3749,'Esplanada'),(5406,3749,'Frimisa'),(5407,3749,'Granja Santa Inês (São Benedito)'),(5408,3749,'Idulipe'),(5409,3749,'Industrial Americano'),(5410,3749,'Kennedy'),(5411,3749,'Londrina (São Benedito)'),(5412,3749,'Morada do Rio'),(5413,3749,'Moreira'),(5414,3749,'Nossa Senhora das Graças'),(5415,3749,'Nossa Senhora do Carmo'),(5416,3749,'Nova Esperança'),(5417,3749,'Pinhões'),(5418,3749,'Pousada Del Rey (São Benedito)'),(5419,3749,'Quarenta e Dois'),(5420,3749,'Rio das Velhas'),(5421,3749,'Santa Matilde'),(5422,3749,'Santa Rita'),(5423,3749,'São Benedito'),(5424,3749,'São Cosme de Baixo (São Benedito)'),(5425,3749,'São Cosme de Cima (São Benedito)'),(5426,3749,'São Geraldo'),(5427,3749,'São João Batista'),(5428,3749,'Vila Beatriz (São Benedito)'),(5429,3749,'Vila Íris'),(5430,3749,'Vila Olga'),(5431,3749,'Vila Santo Antônio (São Benedito)'),(5432,3857,'Água Geral (Tejuco)'),(5433,3857,'Águas Férreas (Tejuco)'),(5434,3857,'Alto das Mercês'),(5435,3857,'Alto do Maquiné (Colônia do Marçal)'),(5436,3857,'Araçá'),(5437,3857,'Barro Preto'),(5438,3857,'Bela Vista'),(5439,3857,'Bom Pastor'),(5440,3857,'Bonfim'),(5441,3857,'Caiçaras'),(5442,3857,'Centro'),(5443,3857,'COHAB'),(5444,3857,'Colinas Del Rey'),(5445,3857,'Colônia do Marçal'),(5446,3857,'Dom Bosco'),(5447,3857,'Fábricas'),(5448,3857,'Guarda-Mor'),(5450,3857,'Jardim América (Fábricas)'),(5451,3857,'Jardim Colônia (Colônia do Marçal)'),(5452,3857,'Jardim Paulo Campos'),(5453,3857,'Matozinhos'),(5454,3857,'Nascente do Sol (Colônia do Marçal)'),(5455,3857,'Parque São João Del Rey (Colônia do Marçal)'),(5456,3857,'Pio XII'),(5457,3857,'Portal Vila Rica (Colônia do Marçal)'),(5458,3857,'Recreio das Alterosas (Colônia do Marçal)'),(5459,3857,'Residencial Jardim Aeroporto'),(5460,3857,'Residencial Lenheiro'),(5461,3857,'Residencial Maquiné'),(5462,3857,'Residencial São José Operário (Tejuco)'),(5463,3857,'Rio Acima'),(5464,3857,'São Caetano'),(5465,3857,'São Francisco (Colônia do Marçal)'),(5466,3857,'São Geraldo'),(5467,3857,'São José Operário'),(5468,3857,'São Judas Tadeu'),(5469,3857,'São Pedro (Colônia do Marçal)'),(5470,3857,'Segredo'),(5471,3857,'Senhor dos Montes'),(5472,3857,'Solar da Serra (Colônia do Marçal)'),(5473,3857,'Tejuco'),(5474,3857,'Vale Nascente do Sol'),(5475,3857,'Várzea do Faria (Bonfim)'),(5476,3857,'Vila Brasil'),(5477,3857,'Vila do Carmo (Colonia do Marçal)'),(5478,3857,'Vila Jardim Nossa Senhora de Fátima (Matozinhos)'),(5479,3857,'Vila Jardim São José'),(5480,3857,'Vila Jesus Silva'),(5481,3857,'Vila João Lombard (Fábricas)'),(5482,3857,'Vila Marchetti'),(5483,3857,'Vila Maria (Bonfim)'),(5484,3857,'Vila Nossa Senhora de Fátima'),(5485,3857,'Vila Santa Terezinha'),(5486,3857,'Vila Santo Antônio (Matozinhos)'),(5487,3857,'Vila São Bento'),(5488,3857,'Vila São Paulo (Fábricas)'),(5489,3857,'Vila São Vicente (Colônia do Marçal)'),(5490,3986,'Aeroporto Industrial'),(5491,3986,'Alex Paiva'),(5492,3986,'Alvorada'),(5493,3986,'Anchieta'),(5497,3986,'Belo Vale'),(5498,3986,'Boa Vista'),(5499,3986,'Bom Jardim'),(5501,3986,'Brasília'),(5502,3986,'Braz Filizola'),(5504,3986,'Brejinho'),(5506,3986,'Canaã'),(5507,3986,'Canadá'),(5508,3986,'Catarina'),(5510,3986,'Centro'),(5511,3986,'Chácara do Paiva'),(5513,3986,'Cidade de Deus'),(5514,3986,'Cidade Nova'),(5515,3986,'Conjunto Habitacional Bernardo Valadares Vasconcelos'),(5516,3986,'Dante Lanza'),(5518,3986,'Distrito Industrial'),(5519,3986,'Dona Dora'),(5520,3986,'Eldorado'),(5522,3986,'Emília'),(5524,3986,'Esmeraldas'),(5525,3986,'Esmeraldas II'),(5526,3986,'Esperança'),(5528,3986,'Fátima'),(5530,3986,'Funcionários'),(5531,3986,'Glória'),(5532,3986,'Henrique Nery'),(5534,3986,'Indústrias'),(5535,3986,'Indústrias II'),(5536,3986,'Interlagos'),(5537,3986,'Interlagos II'),(5538,3986,'Iporanga'),(5539,3986,'Itapoã'),(5540,3986,'Itapoã II'),(5543,3986,'Jardim Arizona'),(5544,3986,'Jardim Cambuí'),(5545,3986,'Jardim Europa'),(5547,3986,'Jardim Universitário'),(5548,3986,'JK'),(5551,3986,'Luxemburgo'),(5552,3986,'Mangabeiras'),(5553,3986,'Manoa'),(5554,3986,'Mata Grande'),(5558,3986,'Montreal'),(5559,3986,'Morro do Claro'),(5560,3986,'New York'),(5561,3986,'Nossa Senhora das Graças'),(5562,3986,'Nossa Senhora do Carmo'),(5563,3986,'Nossa Senhora do Carmo II'),(5564,3986,'Nova Cidade'),(5565,3986,'Novo Horizonte'),(5566,3986,'Olinto Alvin'),(5567,3986,'Orozimbo Macedo'),(5568,3986,'Ouro Branco'),(5570,3986,'Padre Teodoro'),(5572,3986,'Papavento'),(5576,3986,'Piedade'),(5577,3986,'Planalto'),(5579,3986,'Progresso'),(5583,3986,'Recanto da Serra'),(5584,3986,'Recanto do Cedro'),(5589,3986,'Retiro da Serra'),(5594,3986,'Santa Helena'),(5595,3986,'Santa Luzia'),(5596,3986,'Santa Marcelina'),(5597,3986,'Santa Maria'),(5599,3986,'Santa Rita de Cássia'),(5600,3986,'Santo Antônio'),(5601,3986,'São Cristóvão'),(5602,3986,'São Dimas'),(5603,3986,'São Francisco de Assis'),(5604,3986,'São Geraldo'),(5605,3986,'São João'),(5606,3986,'São Jorge'),(5607,3986,'São Pedro'),(5609,3986,'São Vicente'),(5613,3986,'Tamanduá'),(5614,3986,'Titamar'),(5615,3986,'Universitário'),(5616,3986,'Vale das Palmeiras'),(5619,3986,'Vapabuçu'),(5620,3986,'Várzea'),(5622,3986,'Vila Brasil'),(5624,4017,'Altino Barbosa'),(5625,4017,'Barreiros'),(5626,4017,'Bela Vista'),(5627,4017,'Castro Pires'),(5628,4017,'Centro'),(5629,4017,'Cidade Alta'),(5630,4017,'Concórdia'),(5631,4017,'Doutor Laerte Laender'),(5632,4017,'Esperança'),(5633,4017,'Fátima'),(5634,4017,'Filadélfia'),(5635,4017,'Frei Dimas'),(5636,4017,'Frimusa'),(5637,4017,'Grão Pará'),(5638,4017,'Ipiranga'),(5639,4017,'Jardim das Acácias'),(5640,4017,'Jardim Iracema'),(5641,4017,'Jardim São Paulo'),(5642,4017,'Jardim Serra Verde'),(5643,4017,'Joaquim Pedrosa'),(5644,4017,'Lourival Soares da Costa'),(5645,4017,'Manoel Pimenta'),(5646,4017,'Marajoara'),(5647,4017,'Matinha'),(5648,4017,'Minas Novas'),(5649,4017,'Mucuri'),(5650,4017,'Novo Horizonte'),(5651,4017,'Olga Prates Correia'),(5652,4017,'Palmeiras'),(5653,4017,'Pampulhinha'),(5654,4017,'Santa Clara'),(5655,4017,'Santo Antônio'),(5656,4017,'São Cristóvão'),(5657,4017,'São Diogo'),(5658,4017,'São Francisco'),(5659,4017,'São Jacinto'),(5660,4017,'São João'),(5661,4017,'Solidariedade'),(5662,4017,'Tabajaras'),(5663,4017,'Taquara'),(5664,4017,'Teófilo Rocha'),(5665,4019,'Alegre'),(5666,4019,'Alvorada'),(5667,4019,'Ana Malaquias'),(5668,4019,'Ana Moura'),(5669,4019,'Ana Rita'),(5670,4019,'Bela Vista'),(5671,4019,'Bromélias'),(5672,4019,'Cachoeira do Vale'),(5673,4019,'Centro'),(5674,4019,'Centro Sul'),(5675,4019,'Córrego do Caçador'),(5676,4019,'Cruzeirinho'),(5677,4019,'Eldorado'),(5678,4019,'Funcionários'),(5679,4019,'Garapa'),(5680,4019,'João XXIII'),(5681,4019,'John Kennedy'),(5682,4019,'Limoeiro'),(5683,4019,'Macuco'),(5684,4019,'Nossa Senhora das Graças'),(5685,4019,'Novo Horizonte'),(5686,4019,'Núcleo Industrial'),(5687,4019,'Novo Tempo'),(5688,4019,'Olaria'),(5689,4019,'Petrópolis'),(5690,4019,'Primavera'),(5691,4019,'Quitandinha'),(5692,4019,'Recanto'),(5693,4019,'Residencial Colina'),(5694,4019,'Santa Cecília'),(5695,4019,'Santa Maria'),(5696,4019,'Santa Rita (Cachoeira do Vale)'),(5697,4019,'Santa Terezinha'),(5698,4019,'São Cristóvão'),(5699,4019,'São José'),(5700,4019,'Serenata'),(5701,4019,'Timirim'),(5702,4019,'Timotinho'),(5703,4019,'Vale Verde'),(5704,4019,'Vila dos Técnicos'),(5705,4047,'Abadia'),(5706,4047,'Amoroso Costa'),(5707,4047,'Antônia Cândida I'),(5709,4047,'Beija-Flor'),(5710,4047,'Boa Vista'),(5711,4047,'Bom Retiro'),(5712,4047,'Canadá'),(5713,4047,'Centro'),(5714,4047,'Cidade Jardim'),(5715,4047,'Cidade Ozanan'),(5716,4047,'COHAB Boa Vista'),(5717,4047,'Conjunto Alfredo Freire'),(5718,4047,'Conjunto Antônio Barbosa de Souza'),(5720,4047,'Conjunto Cássio Rezende'),(5721,4047,'Conjunto Chica Ferreira'),(5722,4047,'Conjunto Costa Telles I'),(5723,4047,'Conjunto Costa Telles II'),(5724,4047,'Conjunto Frei Eugênio'),(5725,4047,'Conjunto Guanabara'),(5726,4047,'Conjunto José Barbosa'),(5727,4047,'Conjunto José Vallim de Melo'),(5728,4047,'Conjunto Manoel Mendes'),(5729,4047,'Conjunto Margarida Rosa de Azevedo'),(5730,4047,'Conjunto Maringá I'),(5731,4047,'Conjunto Maringá II'),(5732,4047,'Conjunto Morada do Sol'),(5733,4047,'Conjunto Pontal'),(5734,4047,'Conjunto Sete Colinas'),(5735,4047,'Conjunto Treze de Maio'),(5736,4047,'Conjunto Uberaba'),(5737,4047,'Conjunto Umuarama'),(5738,4047,'Alfredo Freire II'),(5739,4047,'Deolinda Laura'),(5740,4047,'Distrito Industrial I'),(5741,4047,'Distrito Industrial II'),(5742,4047,'Distrito Industrial III'),(5743,4047,'Dom Eduardo'),(5744,4047,'Estados Unidos'),(5745,4047,'Fabrício'),(5746,4047,'Grande Horizonte'),(5747,4047,'Indianópolis'),(5748,4047,'Irmãos Soares'),(5749,4047,'Jardim Alexandre Campos'),(5750,4047,'Jardim Amélia'),(5751,4047,'Jardim América'),(5752,4047,'Jardim Aquárius'),(5753,4047,'Jardim Bela Vista'),(5754,4047,'Jardim Califórnia'),(5755,4047,'Jardim do Lago'),(5756,4047,'Jardim Eldorado'),(5757,4047,'Jardim Elza Amuí I'),(5758,4047,'Jardim Elza Amuí II'),(5759,4047,'Jardim Espírito Santo'),(5760,4047,'Jardim Esplanada'),(5761,4047,'Jardim Imperador'),(5762,4047,'Jardim Induberaba'),(5763,4047,'Jardim Itália'),(5764,4047,'Jardim Maracanã'),(5765,4047,'Jardim Pacaembu'),(5766,4047,'Jardim Primavera'),(5767,4047,'Jardim Santa Clara'),(5768,4047,'Jardim Santa Inez'),(5769,4047,'Jardim São Bento'),(5770,4047,'Jardim Serra Dourada'),(5771,4047,'Jardim Triângulo'),(5772,4047,'Jardim Uberaba'),(5773,4047,'Jockey Park'),(5774,4047,'Josa Bernardino I'),(5775,4047,'Josa Bernardino II'),(5776,4047,'Leblon'),(5777,4047,'Lourdes'),(5778,4047,'Mangueiras'),(5779,4047,'Manhattan'),(5780,4047,'Mercês'),(5781,4047,'Mônica Cristina'),(5782,4047,'Morada das Fontes'),(5784,4047,'Nossa Senhora da Abadia'),(5785,4047,'Novo Horizonte'),(5786,4047,'Núcleo Habitacional Silvério Cartafina'),(5787,4047,'Núcleo Residencial Tutunas'),(5788,4047,'Olinda'),(5789,4047,'Pacaembu'),(5790,4047,'Parque das Américas'),(5791,4047,'Parque das Gameleiras'),(5792,4047,'Parque do Mirante'),(5793,4047,'Parque Exposição'),(5794,4047,'Parque Hiléia'),(5795,4047,'Parque São Geraldo'),(5796,4047,'Planalto'),(5797,4047,'Princesa do Sertão'),(5798,4047,'Quinta Boa Esperança'),(5799,4047,'Recanto das Torres'),(5800,4047,'Recanto do Sol'),(5801,4047,'Recreio dos Bandeirantes'),(5802,4047,'Residencial Estados Unidos'),(5803,4047,'Residencial Morumbi'),(5804,4047,'Residencial 2000'),(5805,4047,'Santa Maria'),(5806,4047,'Santa Marta'),(5807,4047,'Santos Dumont'),(5808,4047,'São Benedito'),(5809,4047,'São José'),(5810,4047,'São Sebastião'),(5811,4047,'Seriema'),(5812,4047,'Serra do Sol'),(5813,4047,'Serra Dourada'),(5814,4047,'Tita Rezende'),(5816,4047,'Universitário'),(5817,4047,'Vale do Sol'),(5818,4047,'Vila Alvorada'),(5819,4047,'Vila Arquelau'),(5820,4047,'Vila Boa Vista'),(5821,4047,'Vila Celeste'),(5822,4047,'Vila Ceres'),(5823,4047,'Vila Craide'),(5824,4047,'Vila Esperança'),(5825,4047,'Vila Frei Eugênio'),(5826,4047,'Vila João Pinheiro'),(5827,4047,'Vila Leandro'),(5828,4047,'Vila Maria Helena'),(5829,4047,'Vila Militar'),(5830,4047,'Vila Nossa Senhora Aparecida'),(5831,4047,'Vila Olímpica'),(5832,4047,'Vila Presidente Vargas'),(5833,4047,'Vila São Cristóvão'),(5835,4047,'Vila São José'),(5836,4047,'Vila São Vicente'),(5838,4047,'Villaggio Di Fiori'),(5839,4048,'Aclimação'),(5840,4048,'Aeroporto'),(5841,4048,'Altamira'),(5842,4048,'Ana Angélica'),(5843,4048,'Aparecida'),(5844,4048,'Aruanan'),(5845,4048,'Bela Vista'),(5846,4048,'Belo Horizonte'),(5847,4048,'Bom Jesus'),(5848,4048,'Brasil'),(5849,4048,'Buritis'),(5850,4048,'Canaã'),(5851,4048,'Casas Populares'),(5852,4048,'Cazeca'),(5853,4048,'Centro'),(5854,4048,'Chácara Panorama'),(5856,4048,'Chácaras Bonanza'),(5858,4048,'Chácaras Jardim Holanda'),(5862,4048,'Chácaras Tubalina'),(5863,4048,'Chácaras Uirapuru'),(5866,4048,'Chaves'),(5867,4048,'Cidade Jardim'),(5868,4048,'City Uberlândia'),(5869,4048,'Conjunto Alvorada'),(5870,4048,'Conjunto Bandeirantes'),(5872,4048,'Conjunto Segismundo Pereira'),(5873,4048,'Copacabana'),(5874,4048,'Cruzeiro do Sul'),(5875,4048,'Custódio Pereira'),(5876,4048,'Daniel Fonseca'),(5877,4048,'Distrito Industrial'),(5878,4048,'Dom Almir'),(5879,4048,'Dona Zulmira'),(5881,4048,'Erlan'),(5882,4048,'Esperança'),(5884,4048,'Gávea'),(5885,4048,'General Osório'),(5886,4048,'Guarani'),(5887,4048,'Higino Guerra'),(5888,4048,'Industrial'),(5890,4048,'Itapema Sul'),(5892,4048,'Jaguara'),(5893,4048,'Jaraguá'),(5894,4048,'Jardim América I'),(5895,4048,'Jardim América II'),(5896,4048,'Jardim Auroras'),(5897,4048,'Jardim Brasília'),(5898,4048,'Jardim Califórnia'),(5900,4048,'Jardim Colina'),(5901,4048,'Jardim das Acácias'),(5902,4048,'Jardim das Hortênsias'),(5903,4048,'Jardim das Palmeiras'),(5904,4048,'Jardim dos Gravatás'),(5905,4048,'Jardim Finotti'),(5906,4048,'Jardim Indaiá'),(5907,4048,'Jardim Ipanema I'),(5908,4048,'Jardim Ipanema II'),(5909,4048,'Jardim Karaíba'),(5911,4048,'Jardim Ozanan'),(5912,4048,'Jardim Panorama'),(5913,4048,'Jardim Patrícia'),(5914,4048,'Minas Gerais'),(5915,4048,'Jardim dos Gravatás (Jockey Camping)'),(5916,4048,'Lagoinha'),(5917,4048,'Leão XIII'),(5918,4048,'Lidice'),(5923,4048,'Lourdes'),(5924,4048,'Luizote de Freitas'),(5925,4048,'Mansões Aeroporto'),(5926,4048,'Mansour'),(5927,4048,'Maracanã'),(5928,4048,'Maravilha'),(5929,4048,'Marta Helena'),(5930,4048,'Martins'),(5931,4048,'Minas Brasil'),(5932,4048,'Morada da Colina'),(5933,4048,'Morada do Sol'),(5934,4048,'Morada dos Pássaros'),(5936,4048,'Morada Nova II'),(5943,4048,'Nossa Senhora das Graças'),(5944,4048,'Nosso Recanto'),(5945,4048,'Oliveira'),(5946,4048,'Pacaembu'),(5947,4048,'Pampulha'),(5950,4048,'Parque das Laranjeiras'),(5951,4048,'Parque das Paineiras'),(5952,4048,'Parque das Seringueiras'),(5954,4048,'Parque Granada'),(5955,4048,'Parque Residencial do Camaru'),(5956,4048,'Parque São Gabriel'),(5957,4048,'Parque São Jorge I'),(5958,4048,'Parque São Jorge II'),(5959,4048,'Parque São Jorge III'),(5961,4048,'Patrimônio'),(5962,4048,'Planalto'),(5963,4048,'Presidente Roosevelt'),(5964,4048,'Progresso'),(5965,4048,'Quintas do Bosque'),(5966,4048,'Residencial América do Sul'),(5967,4048,'Residencial Carajás'),(5968,4048,'Residencial Gramado'),(5969,4048,'Residencial Liberdade'),(5970,4048,'Residencial Nosso Lar'),(5971,4048,'Residencial Viviane'),(5972,4048,'Rezende'),(5973,4048,'Rezende Junqueira'),(5974,4048,'Ribeirinho'),(5975,4048,'Santa Luzia'),(5976,4048,'Santa Maria'),(5977,4048,'Santa Mônica'),(5978,4048,'Morumbi'),(5979,4048,'Santa Rosa'),(5980,4048,'Santo Antônio'),(5981,4048,'Santo Inácio'),(5982,4048,'Santos Dumont'),(5983,4048,'São José'),(5984,4048,'São Lucas'),(5985,4048,'Shopping Park'),(5986,4048,'Tabajaras'),(5987,4048,'Taiaman'),(5988,4048,'Talismã'),(5989,4048,'Tancredo Neves'),(5990,4048,'Thomas Rezende'),(5991,4048,'Tibery'),(5992,4048,'Tocantins'),(5993,4048,'Tubalina'),(5994,4048,'Vallee'),(5995,4048,'Vila Carneiro'),(5996,4048,'Vila Correia'),(5998,4048,'Vila Fátima'),(5999,4048,'Vila Maria'),(6000,4048,'Vila Marielza'),(6001,4048,'Vila Oswaldo'),(6002,4048,'Vila Póvoa'),(6003,4048,'Vila Santa Terezinha'),(6004,4048,'Vila Saraiva'),(6005,4048,'Vila Satélite'),(6006,4048,'Virgilato Pereira'),(6007,4048,'Xangri-Lá'),(6010,4066,'Atlântico Sul'),(6011,4066,'Bela Vista'),(6012,4066,'Bom Pastor'),(6013,4066,'Campos Elíseos'),(6014,4066,'Centro'),(6015,4066,'Conjunto Habitacional Catanduvas'),(6016,4066,'Conjunto Habitacional Centenário'),(6017,4066,'Conjunto Habitacional Sion'),(6018,4066,'Conjunto Minas Gerais'),(6019,4066,'Damasco'),(6020,4066,'Fausto Ribeiro'),(6021,4066,'Imaculada Conceição'),(6023,4066,'Industrial JK'),(6024,4066,'Industrial Reinaldo Foresti'),(6025,4066,'Jardim Alvorada'),(6026,4066,'Jardim Andere'),(6027,4066,'Jardim Áurea'),(6028,4066,'Jardim Canaã'),(6029,4066,'Jardim Cidade Nova'),(6030,4066,'Jardim Colonial'),(6031,4066,'Jardim Corcetti I'),(6032,4066,'Jardim Corcetti II'),(6033,4066,'Jardim das Oliveiras'),(6034,4066,'Jardim dos Pássaros'),(6035,4066,'Jardim Europa'),(6036,4066,'Jardim Mont Serrat'),(6037,4066,'Jardim Morada do Sol'),(6038,4066,'Jardim Orlândia'),(6039,4066,'Jardim Panorama'),(6040,4066,'Jardim Petrópolis'),(6041,4066,'Jardim Renata'),(6042,4066,'Jardim Santa Tereza'),(6043,4066,'Jardim Simões'),(6044,4066,'Jardim Sion'),(6045,4066,'Jardim Vale dos Ipês'),(6046,4066,'Jardim Zinoca'),(6047,4066,'Nossa Senhora Aparecida'),(6049,4066,'Nossa Senhora de Fátima'),(6050,4066,'Nossa Senhora de Lourdes'),(6051,4066,'Novo Horizonte'),(6052,4066,'Padre Vitor'),(6053,4066,'Parque Boa Vista'),(6054,4066,'Parque Catanduvas'),(6055,4066,'Parque das Acácias'),(6056,4066,'Parque das Américas'),(6057,4066,'Parque Ileana'),(6058,4066,'Parque Mariela'),(6059,4066,'Parque Ozanam'),(6060,4066,'Parque Retiro'),(6061,4066,'Parque Rinaldo'),(6062,4066,'Parque São José'),(6063,4066,'Parque Urupês'),(6065,4066,'Pinheiros'),(6066,4066,'Rezende'),(6067,4066,'Santa Luiza'),(6068,4066,'Santa Maria'),(6069,4066,'Santana'),(6070,4066,'São Francisco'),(6071,4066,'São José'),(6072,4066,'São Sebastião'),(6073,4066,'Três Bicas'),(6074,4066,'Vargem'),(6075,4066,'Vila Adelaide'),(6076,4066,'Vila Andere I'),(6077,4066,'Vila Andere II'),(6078,4066,'Vila Avelar'),(6079,4066,'Vila Barcelona'),(6080,4066,'Vila Belmiro'),(6081,4066,'Vila Bueno'),(6082,4066,'Vila do Pontal'),(6083,4066,'Vila Dona Josefina'),(6084,4066,'Vila Flamengo'),(6085,4066,'Vila Floresta'),(6086,4066,'Vila Ipiranga'),(6087,4066,'Vila Isabel'),(6088,4066,'Vila Limborco'),(6089,4066,'Vila Maria'),(6090,4066,'Vila Maristela'),(6091,4066,'Vila Martins'),(6092,4066,'Vila Mendes'),(6093,4066,'Vila Monte Castelo'),(6094,4066,'Vila Monteiro'),(6095,4066,'Vila Morais'),(6096,4066,'Vila Murad'),(6097,4066,'Vila Nogueira'),(6098,4066,'Vila Nossa Senhora dos Anjos'),(6099,4066,'Vila Paiva'),(6100,4066,'Vila Peloso'),(6101,4066,'Vila Pinto'),(6102,4066,'Vila Registânea'),(6103,4066,'Vila Santa Cruz'),(6104,4066,'Vila São Geraldo'),(6105,4066,'Vila Verde'),(6106,4066,'Vila Verônica'),(6107,4066,'Vista Alegre'),(29294,2980,'Nazaré'),(29297,2980,'Parque Ayrton Senna'),(29298,2980,'Oitis'),(29299,2980,'Arvoredo II'),(29300,2980,'Vila Beija-Flor'),(29302,2980,'Vila Francisco Mariano'),(29304,2980,'Vila Renascer'),(29325,2754,'Vila da Paz (Novo Glória)'),(29389,2762,'Conjunto Habitacional Alto das Flores'),(29391,2762,'Residencial Jardim Perla'),(29430,3169,'São Pedro'),(29992,3689,'Jardim Verona'),(29993,3689,'Franciscadriângela'),(29994,3689,'Nápoli'),(29995,3689,'Vereda'),(29996,3689,'Metropolitano'),(29997,3689,'San Marino'),(29998,3689,'San Remo'),(29999,3689,'Alicante'),(30000,3689,'Barcelona'),(30002,3689,'Iolanda'),(30003,3689,'Campos Silveira'),(30004,3689,'Nova União'),(30005,3689,'Porto Seguro'),(30015,3689,'Monte Verde'),(30091,3689,'Cristal (Justinópolis)'),(30093,3689,'Areias de Baixo'),(30137,2754,'Vila Fazendinha'),(30171,2762,'Icaivera'),(30185,3749,'Maria Adélia'),(30186,3749,'Nova Gameleira'),(30187,3749,'Nova Conquista (São Benedito)'),(30197,3749,'Dona Rosarinha'),(30216,4017,'Funcionários'),(30234,4019,'Alphaville'),(30242,3245,'BPS'),(30245,4048,'Parque Primavera'),(30567,2980,'Sapucaia'),(30568,2980,'Campo Alto'),(30570,2980,'Europa'),(30575,2980,'Perobas 2'),(30577,2980,'Vila Ipê Amarelo'),(30693,2754,'Vila Formosa (Vale do Jatobá)'),(30694,2754,'Vila São Judas Tadeu'),(30710,2762,'Parque das Acácias'),(30828,4047,'Alfredo Freire III'),(30859,4047,'Jardim Alvorada'),(30860,4047,'Oneida Mendes'),(30863,4047,'Recanto da Terra'),(30866,4047,'Europark'),(30867,4047,'Residencial Palmeiras'),(30868,4047,'Bela Vista'),(30925,3689,'Itapoã'),(30926,3689,'Girassol'),(30927,3689,'Severina'),(30928,3689,'Vila Bispo de Moura'),(30929,3689,'Verônica'),(30930,3689,'Soares'),(30931,3689,'Jardim São Judas Tadeu (Justinópolis)'),(30932,3689,'Evereste'),(30933,3689,'Santana II'),(30954,2980,'Jardim Vera Cruz II'),(30955,2980,'Lúcio de Abreu'),(31064,3689,'Dona Clarice'),(31074,2754,'Vila Ecológica'),(31075,2754,'Vila Itaipu'),(31076,2754,'Vitória da Conquista'),(31093,3986,'Vale Verde'),(31094,3986,'Nossa Senhora de Lourdes'),(31095,3986,'CDI'),(31096,3986,'Barreiro'),(31097,3986,'Padre Teodoro ll'),(31098,3986,'Jardim Primavera l'),(31099,3448,'Vila Prodacon'),(31100,3986,'Jardim Primavera ll'),(31101,3986,'Bela Vista l'),(31102,3986,'Bela Vista II'),(31103,3986,'Belo Vale ll'),(31104,3986,'Santa Felicidade'),(31105,3986,'Bouganvile l'),(31106,3986,'Interlagos ll'),(31107,2980,'Vila Beatriz'),(31109,2980,'Darcy Ribeiro'),(31110,3724,'Borba Gato'),(31112,3749,'Padre Miguel (São Benedito)'),(31113,3749,'Castanheira'),(31114,3749,'Monte Carlo'),(31118,4048,'Nova Uberlândia'),(31121,3315,'Parque Independência III'),(31122,3315,'Fontesville'),(31123,3315,'Parque das Torres'),(31124,3315,'Verbo Divino'),(31125,3315,'Jardim dos Alfineiros'),(31126,3448,'Santo Inácio II'),(31127,3448,'Santa Rafaela'),(31128,3448,'Santo Amaro'),(31129,3448,'Vila Itatiaia'),(31130,3448,'Conjunto JK II'),(31132,3448,'Carmelo'),(31133,3448,'Morada do Sol II'),(31134,3448,'Jardim Itália'),(31135,3448,'Acácias'),(31140,3986,'Bouganvile ll'),(31151,3229,'Distrito Industrial'),(31152,3229,'Nova Esperança'),(31153,3229,'Primeiro de Maio'),(31154,3229,'Planalto II'),(31155,3229,'Recanto Verde'),(31156,3229,'Taúbas'),(31157,3229,'Tiradentes'),(31158,3229,'Vila Formosa'),(31159,3229,'Irmãos Marianos'),(31160,3229,'Planalto'),(31202,3749,'Padre Miguel'),(31203,3749,'Santa Helena'),(31204,3749,'Vale das Acácias'),(31205,3749,'Nova Esperança (São Benedito)'),(31207,3749,'Três Corações'),(31208,3749,'Natividade'),(31209,3749,'Luxemburgo'),(31211,3724,'Morro São Francisco'),(31212,3724,'Mangabeiras'),(31213,3724,'Mangueiras'),(31214,3448,'Prolongamento Todos os Santos'),(31216,2762,'Bela Vista'),(31217,2762,'Residencial Lagoa'),(31218,2762,'Estância do Sereno'),(31219,2762,'Distrito Industrial Bandeirinhas'),(31220,2762,'Jardim Primavera (Bandeirinhas)'),(31221,2762,'Bandeirinhas'),(31222,2762,'Chácaras Arapuá'),(31224,2762,'Pingo D\'água (Boa Vista)'),(31227,2762,'Jardim Nazareno'),(31229,2762,'Sítio Poções'),(31230,2762,'Ponte Alta'),(31240,3169,'Morada do Vale II'),(31241,3169,'Morada do Vale III'),(31242,3169,'Cidade Nova'),(31243,3169,'Alto Esplanada'),(31244,3169,'Santo Agostinho'),(31254,3169,'Jardim Alvorada'),(31255,3169,'Parque das Aroeiras'),(31256,3169,'Vila do Sol II'),(31320,3169,'Turmalina'),(31711,4048,'Morada Nova'),(31722,4048,'Maria Rezende'),(31726,2980,'Sapucaia II'),(31730,4048,'Alto Umuarama'),(31749,3206,'Centro'),(31773,3234,'Nova Vista'),(31775,3234,'Alto da Boa Vista'),(31791,3234,'Campestre'),(31794,3234,'Santa Matilde'),(31836,3234,'Gabiroba'),(31868,3234,'Vila Santa Rosa'),(31891,2694,'Centro'),(31892,2694,'Arraial Lazaredo'),(31893,2694,'Corredor Pedregulho'),(31897,3234,'Condomínio Vila Residencial de Conceição'),(31898,3234,'Bálsamos'),(31899,3234,'Jardim dos Ipês'),(31945,3234,'Distrito Industrial II'),(31951,3234,'Ribeira de Baixo'),(31956,3234,'Barro Branco'),(31963,3234,'Chapada'),(31967,3234,'Pedreira'),(32017,3304,'Recanto Paraíso'),(32018,3304,'Santa Cecília'),(32019,3304,'Corumbiana de Vanessa'),(32020,3304,'Primeiro de Maio'),(32021,3304,'Estrela Dalva'),(32023,3304,'São José'),(32064,4019,'Alto Serenata'),(32065,4019,'Distrito Industrial'),(32066,4019,'Nova Esperança'),(32071,4019,'Chácaras Alphaville'),(32073,4019,'Recanto Verde'),(32133,2909,'Nossa Senhora das Graças'),(32134,2909,'Recanto das Palmeiras'),(32135,3531,'Eldorado'),(32136,3531,'União'),(32138,2909,'São Cristóvão'),(32139,2909,'Carijós'),(32140,3531,'Esplanada'),(32157,2909,'Bom Retiro'),(32202,2695,'São Vicente de Paula'),(32203,2695,'Santa Terezinha'),(32204,2695,'Vila Militar'),(32205,2695,'Jardim Milenium'),(32206,2695,'Aeroporto'),(32216,2695,'Amorim'),(32219,2990,'Florença'),(32220,2990,'São Cristovão'),(32221,2990,'Judith Bhering'),(32222,2990,'Jardim Primavera'),(32223,2990,'Aldeia do Lago'),(32224,2990,'Residencial Fazendinha'),(32225,3632,'Jardim Itamaraty II'),(32227,2735,'Retiro das Rosas'),(32228,2735,'São Cristóvão'),(32229,2735,'Nove de Março'),(32230,2735,'Nova Cidade'),(32231,2735,'Vista Alegre'),(32232,2735,'Serra Verde'),(32271,3047,'Residencial Doutor Walchir Resende Costa'),(32323,3632,'Bortolan Norte I'),(32324,3632,'Bortolan Norte II'),(32325,3632,'Bortolan Sul'),(32327,3632,'Campo de Santa Maria'),(32329,3632,'Chácara Santa Terezinha'),(32330,3632,'Colinas'),(32331,3632,'Jardim das Acácias'),(32332,3632,'Jardim Elvira Dias'),(32333,3632,'Jardim Europa'),(32334,3632,'Jardim Filipinas'),(32335,3632,'Jardim Itamaraty III'),(32336,3632,'Jardim São Bento'),(32337,3632,'Jardim Vitória IV'),(32338,3632,'Monte Verde'),(32339,3632,'Residencial São Bernardo'),(32340,3632,'Serras Azuis'),(32341,3632,'Zona Rural'),(32342,3632,'Residencial Santa Clara'),(32343,3632,'Residencial Mantiqueira'),(32344,3632,'Residencial Colinas do Sul'),(32364,3245,'Loteamento Mário Anselmo'),(32365,3245,'Loteamento Costa'),(32366,3857,'Vila Militar'),(32368,3857,'Rainha da Paz'),(32369,3857,'Loteamento do Carmindo'),(32370,3857,'Cidade Nova'),(32372,3857,'Jardim América'),(32373,3857,'Jardim Montese'),(32374,3857,'Lava Pés'),(32375,3857,'Residencial Girassol'),(32790,3547,'Vila Betinho'),(32791,3547,'Jardim Pinheiros'),(32794,3547,'Condomínio das Nações'),(32831,3275,'Residencial Monte Verde'),(32833,3275,'Vila Miisa'),(32834,3275,'Zona Rural'),(32849,4017,'Cidade Nova'),(32850,4017,'São Benedito'),(32851,4017,'Floresta'),(32852,4017,'Indaiá'),(32853,4017,'Vila Betel'),(32854,4017,'São Geraldo'),(32867,2885,'Dário Grossi'),(32868,2885,'Doutor Eduardo Daladier Pereira'),(32879,4066,'Imaculada Conceição III'),(32880,4066,'Nova Varginha'),(32881,4066,'Eldorado'),(32883,4066,'Jardim Ribeiro'),(32884,4066,'Distrito Industrial Cláudio Galvão Nogueira'),(32888,4066,'Parque Residencial Rio Verde'),(32901,4066,'Jardim Atlântico Sul / Jardim Simões'),(32904,4066,'Santa Terezinha'),(32914,4066,'Distrito Industrial Miguel de Luca'),(32916,4066,'Park Imperial'),(32961,4066,'Lagamar'),(32996,4047,'Beija-Flor II'),(32997,4047,'Residencial Doutor Abel Reis'),(33048,3641,'Ana Florência'),(33049,3641,'Cidade Nova'),(33050,3641,'Nova Suíça'),(33051,3641,'Nova Copacabana'),(33478,2754,'Vista do Sol'),(34106,2754,'Hosana'),(34107,2754,'Jardim Liberdade'),(34119,3128,'Centro'),(34120,3521,'Centro'),(34140,2754,'Vitória'),(34142,3480,'Centro'),(34143,3480,'São Sebastião de Águas Claras'),(34144,3480,'Jardim Petrópolis'),(34182,4081,'Centro'),(34183,3332,'Centro'),(34184,3571,'Centro'),(34185,2834,'Centro'),(34186,3507,'Centro'),(34187,3507,'Lages'),(34188,3382,'Centro'),(34189,3382,'Vila Carmo'),(34190,3236,'Centro'),(34192,3486,'Centro'),(34193,3500,'Centro'),(34194,3128,'Boa Vista'),(34195,2707,'Centro'),(34196,3327,'Centro'),(34197,3360,'Centro'),(34198,2774,'Centro'),(34199,3401,'Centro'),(34200,3023,'Centro'),(34201,3813,'Centro'),(34202,2976,'Centro'),(34203,2973,'Centro'),(34204,3505,'Centro'),(34205,4043,'Centro'),(34206,4082,'Centro'),(34207,4082,'Ramos'),(34208,2649,'Centro'),(34209,2649,'Porto Novo'),(34210,3344,'Centro'),(34215,2651,'Centro'),(34216,2768,'Centro'),(34217,2854,'Centro'),(34218,4032,'Centro'),(34219,2918,'Centro'),(34220,3892,'Centro'),(34221,3764,'Centro'),(34222,3654,'Centro'),(34223,3341,'Centro'),(34224,3363,'Centro'),(34225,2675,'Centro'),(34227,3190,'Centro'),(34228,3924,'Centro'),(34229,3146,'Centro'),(34231,3441,'Centro'),(34232,3532,'Centro'),(34234,4051,'Centro'),(34235,4051,'Cruzeiro'),(34236,3551,'Centro'),(34237,3305,'Centro'),(34238,3845,'Centro'),(34239,3036,'Centro'),(34240,3619,'Centro'),(34247,3290,'Centro'),(34248,3291,'Centro'),(34249,3177,'Centro'),(34250,3464,'Centro'),(34251,2654,'Centro'),(34296,3460,'Centro'),(34298,3373,'Centro'),(34299,3373,'Baixada'),(34300,4035,'Centro'),(34367,3949,'Santa Rosa de Lima'),(34368,3385,'Centro'),(34371,2971,'Aeroporto Confins'),(34372,2971,'Centro'),(34373,3694,'Centro'),(34374,3677,'Centro'),(34375,2621,'Centro'),(34376,3487,'Centro'),(34377,3138,'Centro'),(34378,3482,'Centro'),(34379,3383,'Centro'),(34380,3257,'Centro'),(34381,4038,'Centro'),(34382,3075,'Centro'),(34383,2655,'Centro'),(34384,4013,'Centro'),(34385,3999,'Centro'),(34386,3862,'Centro'),(34387,3053,'Centro'),(34388,2627,'Centro'),(34389,3465,'Centro'),(34390,3411,'Centro'),(34391,3303,'Centro'),(34392,2800,'Centro'),(34393,2684,'Centro'),(34394,3285,'Centro'),(34395,3200,'Centro'),(34396,2755,'Centro'),(34397,2640,'Centro'),(34398,3684,'Centro'),(34399,2978,'Centro'),(34400,3153,'Centro'),(34401,2921,'Centro'),(34404,3043,'Centro'),(34405,3407,'Centro'),(34406,3235,'Centro'),(34407,3375,'Centro'),(34408,2781,'Centro'),(34409,2999,'Centro'),(34410,3678,'Centro'),(34411,3904,'Centro'),(34412,2624,'Centro'),(34413,3399,'Centro'),(34414,3967,'Centro'),(34415,3695,'Centro'),(34416,4054,'Centro'),(34417,3739,'Centro'),(34418,3297,'Centro'),(34420,3179,'Centro'),(34424,3057,'Centro'),(34427,2741,'Centro'),(34428,2805,'Centro'),(34429,3429,'Centro'),(34430,2757,'Centro'),(34431,3082,'Centro'),(34432,3033,'Centro'),(34433,3818,'Centro'),(34434,3295,'Centro'),(34435,2896,'Centro'),(34436,3242,'Centro'),(34437,3583,'Centro'),(34438,3840,'Centro'),(34439,2789,'Centro'),(34440,3700,'Centro'),(34441,3600,'Centro'),(34442,2940,'Centro'),(34443,2899,'Centro'),(34444,3611,'Centro'),(34445,3543,'Centro'),(34448,2766,'Centro'),(34449,3520,'Centro'),(34450,3450,'Centro'),(34451,3634,'Centro'),(34452,3623,'Centro'),(34453,3342,'Centro'),(34454,3380,'Centro'),(34455,3582,'Centro'),(34456,2963,'Centro'),(34457,3530,'Centro'),(34458,3395,'Centro'),(34459,3265,'Centro'),(34475,2728,'Centro'),(34480,3148,'Centro'),(34481,3225,'Centro'),(34482,3667,'Centro'),(34483,2874,'Centro'),(34484,3086,'Centro'),(34485,3131,'Centro'),(34486,2821,'Centro'),(34487,3299,'Centro'),(34488,2833,'Centro'),(34489,3537,'Centro'),(34490,2691,'Centro'),(34491,2985,'Centro'),(34492,3776,'Centro'),(34493,3112,'Centro'),(34494,3226,'Centro'),(34495,3117,'Centro'),(34496,3545,'Centro'),(34506,3926,'Centro'),(34507,3251,'Centro'),(34508,3279,'Centro'),(34509,3869,'Centro'),(34510,3787,'Centro'),(34511,2974,'Centro'),(34514,2962,'Centro'),(34523,3054,'Centro'),(34524,2620,'Centro'),(34525,3454,'Centro'),(34526,2892,'Centro'),(34527,3808,'Centro'),(34528,3062,'Centro'),(34529,3478,'Centro'),(34530,3841,'Centro'),(34531,2751,'Centro'),(34532,3705,'Centro'),(34534,2667,'Centro'),(34535,3731,'Centro'),(34536,2733,'Centro'),(34537,3040,'Centro'),(34538,3883,'Centro'),(34539,3824,'Centro'),(34540,3211,'Centro'),(34576,3267,'Núcleo Regional Vitor Gonçalves de Sousa'),(34577,3267,'Vitória'),(34578,3267,'Residencial São Geraldo'),(34579,3267,'Pio XII'),(34582,3267,'Piaguassu'),(34790,3224,'Centro'),(34832,3039,'Centro'),(34833,2626,'Centro'),(34990,3689,'Liberdade'),(35000,3827,'Centro'),(35001,2894,'Centro'),(35002,3261,'Centro'),(35003,3803,'Centro'),(35004,3563,'Centro'),(35005,3292,'Centro'),(35006,3602,'Centro'),(35033,2702,'Centro'),(35034,3430,'Centro'),(35035,3390,'Centro'),(35036,3063,'Centro'),(35037,3097,'Centro'),(35038,3973,'Centro'),(35102,3125,'Centro'),(35103,3212,'Centro'),(35169,3752,'Centro'),(35924,2762,'Divisa de Juatuba'),(35997,3234,'São Bento'),(36005,2634,'Centro'),(36006,2652,'Centro'),(36007,2731,'Centro'),(36008,2761,'Centro'),(36009,2763,'Centro'),(36010,2773,'Centro'),(36011,2798,'Centro'),(36012,2813,'Centro'),(36013,2882,'Centro'),(36014,2912,'Centro'),(36015,2931,'Centro'),(36016,2939,'Centro'),(36017,2944,'Centro'),(36018,2994,'Centro'),(36019,3061,'Centro'),(36020,3065,'Centro'),(36021,3066,'Centro'),(36022,3089,'Centro'),(36024,3165,'Centro'),(36025,3201,'Centro'),(36026,3218,'Centro'),(36027,3222,'Centro'),(36031,3238,'Centro'),(36032,3247,'Centro'),(36033,3258,'Centro'),(36034,3277,'Centro'),(36035,3307,'Centro'),(36036,3317,'Centro'),(36037,3328,'Centro'),(36038,3335,'Centro'),(36039,3371,'Centro'),(36040,3372,'Centro'),(36041,3416,'Centro'),(36042,3439,'Centro'),(36043,3473,'Centro'),(36044,3501,'Centro'),(36045,3506,'Centro'),(36046,3523,'Centro'),(36047,3559,'Centro'),(36048,3565,'Centro'),(36049,3614,'Centro'),(36050,3648,'Centro'),(36051,3652,'Centro'),(36052,3656,'Centro'),(36053,3660,'Centro'),(36054,3662,'Centro'),(36055,3685,'Centro'),(36056,3699,'Centro'),(36057,3704,'Centro'),(36058,3710,'Centro'),(36059,3727,'Centro'),(36060,3734,'Centro'),(36061,3744,'Centro'),(36062,3753,'Centro'),(36063,3757,'Centro'),(36064,3781,'Centro'),(36065,3799,'Centro'),(36066,3812,'Centro'),(36067,3828,'Centro'),(36068,3860,'Centro'),(36069,3949,'Centro'),(36070,3982,'Centro'),(36071,4006,'Centro'),(36072,4026,'Centro'),(36073,4068,'Centro'),(36074,4083,'Centro'),(36075,4099,'Centro'),(36076,2838,'Centro'),(36082,2872,'Centro'),(36194,3886,'Centro'),(36258,2884,'Centro'),(36309,2980,'Divisa com Ribeirão das Neves'),(36495,4020,'Centro'),(36564,3101,'Centro'),(36565,2925,'Centro'),(36566,3397,'Centro'),(36567,3996,'Centro'),(36568,2753,'Centro'),(36569,3708,'Centro'),(36572,3347,'Centro'),(36573,3494,'Centro'),(36574,3782,'Centro'),(36575,3573,'Centro'),(36576,3702,'Centro'),(36577,2992,'Centro'),(36578,3594,'Centro'),(36579,3182,'Centro'),(36580,4005,'Centro'),(36581,3620,'Centro'),(36582,3706,'Centro'),(36583,3409,'Centro'),(36584,2749,'Centro'),(36585,2683,'Centro'),(36586,3599,'Centro'),(36587,3761,'Centro'),(36588,2693,'Centro'),(36589,2663,'Centro'),(36590,2934,'Centro'),(36591,3965,'Centro'),(36592,2883,'Centro'),(36593,2871,'Centro'),(36595,2993,'Centro'),(36596,3683,'Centro'),(36597,3329,'Centro'),(36598,3933,'Centro'),(36599,2949,'Centro'),(36600,3470,'Centro'),(36601,3278,'Centro'),(36602,3012,'Centro'),(36603,3269,'Centro'),(36604,3962,'Centro'),(36605,3613,'Centro'),(36606,3715,'Centro'),(36607,4024,'Centro'),(36608,3191,'Centro'),(36609,3194,'Centro'),(36610,3831,'Centro'),(36611,3954,'Centro'),(36613,2796,'Centro'),(36614,3553,'Centro'),(36615,3041,'Centro'),(36616,3085,'Centro'),(36651,4015,'Centro'),(36652,3562,'Centro'),(36653,3895,'Centro'),(36654,2862,'Centro'),(36655,2764,'Centro'),(36656,3713,'Centro'),(36657,3386,'Centro'),(36658,3581,'Centro'),(36659,3378,'Centro'),(36660,3953,'Centro'),(36661,3794,'Centro'),(36662,3866,'Centro'),(36663,3030,'Centro'),(36664,2710,'Centro'),(36665,4098,'Centro'),(36666,3095,'Centro'),(36667,3618,'Centro'),(36668,3681,'Centro'),(36669,3524,'Centro'),(36670,3338,'Centro'),(36671,3059,'Centro'),(36672,3249,'Centro'),(36673,3774,'Centro'),(36674,3829,'Centro'),(36675,3042,'Centro'),(36676,3088,'Centro'),(36677,2836,'Centro'),(36678,2658,'Centro'),(36679,2870,'Centro'),(36680,2688,'Centro'),(36681,3099,'Centro'),(36682,3552,'Centro'),(36683,2734,'Centro'),(36684,3419,'Centro'),(36686,3751,'Centro'),(36687,2880,'Centro'),(36688,3997,'Centro'),(36689,3784,'Centro'),(36690,2955,'Centro'),(36691,3228,'Centro'),(36696,3461,'Centro'),(36716,3633,'Centro'),(36717,3374,'Centro'),(36718,2661,'Centro'),(36719,3333,'Centro'),(36720,2926,'Centro'),(36721,3073,'Centro'),(36723,3438,'Centro'),(36725,3440,'Centro'),(36726,3533,'Centro'),(36727,3049,'Centro'),(36728,3980,'Centro'),(36729,2708,'Centro'),(36730,2657,'Centro'),(36731,2898,'Centro'),(36732,2860,'Centro'),(36733,2855,'Centro'),(36734,3216,'Centro'),(36735,3178,'Centro'),(36736,3772,'Centro'),(36737,3214,'Centro'),(36738,3276,'Centro'),(36739,2786,'Centro'),(36741,2893,'Centro'),(36742,2983,'Centro'),(36743,3358,'Centro'),(36744,2901,'Centro'),(36745,3586,'Centro'),(36746,3793,'Centro'),(36747,3691,'Centro'),(36748,2861,'Centro'),(36749,3010,'Centro'),(36750,2867,'Centro'),(36751,2676,'Centro'),(36752,2775,'Centro'),(36753,3544,'Centro'),(36754,2772,'Centro'),(36755,3346,'Centro'),(36756,3938,'Centro'),(36757,2847,'Centro'),(36758,3436,'Centro'),(36759,3935,'Centro'),(36760,2845,'Centro'),(36761,2965,'Centro'),(36762,3017,'Centro'),(36763,3417,'Centro'),(36764,2641,'Centro'),(36765,3968,'Centro'),(36766,2904,'Centro'),(36767,3542,'Centro'),(36768,3256,'Centro'),(36769,4091,'Centro'),(36770,2723,'Centro'),(36771,3254,'Centro'),(36772,3923,'Centro'),(36773,3655,'Centro'),(36774,2895,'Centro'),(36775,3058,'Centro'),(36776,3013,'Centro'),(36777,4000,'Centro'),(36778,3334,'Centro'),(36779,3196,'Centro'),(36780,3301,'Centro'),(36781,3499,'Centro'),(36782,3844,'Centro'),(36840,3615,'Centro'),(36841,3878,'Centro'),(36842,3025,'Centro'),(36843,3381,'Centro'),(36844,3568,'Centro'),(36845,3468,'Centro'),(36846,2799,'Centro'),(36847,3093,'Centro'),(36848,2966,'Centro'),(36849,2888,'Centro'),(36850,2972,'Centro'),(36851,3955,'Centro'),(36852,3232,'Centro'),(36853,3994,'Centro'),(36854,2793,'Centro'),(36855,3090,'Centro'),(36856,3909,'Centro'),(36857,3850,'Centro'),(36858,2809,'Centro'),(36859,3446,'Centro'),(36860,3284,'Centro'),(36861,2643,'Centro'),(36862,2844,'Centro'),(36863,2996,'Centro'),(36864,2784,'Centro'),(36865,3104,'Centro'),(36866,2842,'Centro'),(36867,3262,'Centro'),(36868,3536,'Centro'),(36869,2979,'Centro'),(36870,3164,'Centro'),(36871,3943,'Centro'),(36872,2794,'Centro'),(36873,3630,'Centro'),(36874,3756,'Centro'),(36875,2839,'Centro'),(36876,3319,'Centro'),(36877,3181,'Centro'),(36878,2706,'Centro'),(36879,3897,'Centro'),(36880,3485,'Centro'),(36881,2816,'Centro'),(36882,3462,'Centro'),(36883,3130,'Centro'),(36884,3026,'Centro'),(36885,3847,'Centro'),(36886,4063,'Centro'),(36887,3625,'Centro'),(36888,3907,'Centro'),(36889,2879,'Centro'),(36891,2656,'Centro'),(36892,2777,'Centro'),(36893,3253,'Centro'),(36894,3445,'Centro'),(36895,3934,'Centro'),(36896,3658,'Centro'),(36897,3266,'Centro'),(36898,2907,'Centro'),(36899,3205,'Centro'),(36900,2873,'Centro'),(36901,2937,'Centro'),(36906,3034,'Centro'),(37024,4094,'Centro'),(37030,3184,'Centro'),(37043,2716,'Centro'),(37083,3106,'Centro'),(37084,4028,'Centro'),(37342,2754,'Vila Bernadeti'),(37401,2754,'Conjunto Vista Alegre III'),(37581,3267,'Vila Santa Maria'),(37582,3267,'Morro do Sol'),(37943,2620,'Riacho Três'),(37980,2762,'Riacho 3'),(39445,2630,'Centro'),(39482,3206,'Jatobá'),(39525,4048,'São Francisco'),(39526,4048,'Joana D\'Arc'),(39581,3047,'Antares'),(39582,3047,'Do Carmo'),(39583,3047,'Novo Paraíso'),(39591,2638,'Centro'),(39592,2639,'Centro'),(40324,2717,'Centro'),(40325,2718,'Centro'),(40326,2729,'Centro'),(40327,2759,'Centro'),(40330,2991,'Centro'),(40331,2790,'Centro'),(40332,2810,'Centro'),(40333,2812,'Centro'),(40334,2822,'Centro'),(40335,2823,'Centro'),(40336,2897,'Centro'),(40337,2848,'Centro'),(40338,2850,'Centro'),(40339,2856,'Centro'),(40340,2859,'Centro'),(40341,2865,'Centro'),(40342,2875,'Centro'),(40343,2878,'Centro'),(40344,2881,'Centro'),(40345,2886,'Centro'),(40346,2891,'Centro'),(40347,2903,'Centro'),(40350,2923,'Centro'),(40352,2928,'Centro'),(40355,2948,'Centro'),(40356,2953,'Centro'),(40358,2975,'Centro'),(40359,2984,'Centro'),(40360,2987,'Centro'),(40364,2988,'Centro'),(40365,2989,'Centro'),(40366,3024,'Centro'),(40367,3046,'Centro'),(40368,3077,'Centro'),(40369,3098,'Centro'),(40370,3110,'Centro'),(40371,3132,'Centro'),(40372,3134,'Centro'),(40373,3137,'Centro'),(40374,3143,'Centro'),(40377,3168,'Centro'),(40378,3172,'Centro'),(40382,3187,'Centro'),(40383,3192,'Centro'),(40384,3195,'Centro'),(40385,3202,'Centro'),(40386,3213,'Centro'),(40387,3221,'Centro'),(40397,3571,'São José'),(40399,3233,'Centro'),(40400,3288,'Centro'),(40401,3239,'Centro'),(40402,3298,'Centro'),(40403,3300,'Centro'),(40404,3302,'Centro'),(40405,3306,'Centro'),(40407,3324,'Centro'),(40408,3700,'Bernardas'),(40409,3312,'Centro'),(40410,3312,'Boa Vista da Serra'),(40411,3325,'Centro'),(40412,2779,'Centro'),(40413,3623,'Brumado de Pitangui'),(40420,4081,'Campesino'),(40421,2805,'Casa Branca'),(40422,2911,'Centro'),(40426,3014,'Centro'),(40431,3362,'Centro'),(40432,3366,'Centro'),(40433,3370,'Centro'),(40434,3244,'Centro'),(40435,3623,'Campo Grande'),(40437,3312,'Francelinos'),(40440,3332,'Lagoinha de Fora'),(40442,3507,'Lavras Novas'),(40450,4081,'Morro Alto'),(40452,3502,'Centro'),(40466,3259,'Centro'),(40467,3271,'Centro'),(40468,3282,'Centro'),(40469,3283,'Centro'),(40472,3623,'Rio do Peixe'),(40473,3507,'Santo Antônio do Salto'),(40475,3400,'Centro'),(40476,3402,'Centro'),(40477,3404,'Centro'),(40478,3418,'Centro'),(40479,3421,'Centro'),(40480,3437,'Centro'),(40481,3458,'Centro'),(40482,3463,'Centro'),(40483,3483,'Centro'),(40484,3489,'Centro'),(40485,3491,'Centro'),(40486,3508,'Centro'),(40487,3516,'Centro'),(40491,3555,'Centro'),(40492,3556,'Centro'),(40493,3558,'Centro'),(40494,3570,'Centro'),(40495,3700,'Souza'),(40496,2805,'Suzana'),(40497,2971,'Tavares'),(40498,4041,'Cacaratiba'),(40499,3137,'Arana'),(40500,2728,'Vargem Grande'),(40501,2928,'Cachoeira do Norte'),(40502,2846,'Centro'),(40503,2869,'Centro'),(40504,3800,'Catajás'),(40505,3585,'Centro'),(40506,2914,'Centro'),(40507,3507,'Vila Samarco'),(40508,3612,'Centro'),(40509,3627,'Centro'),(40510,3653,'Centro'),(40511,3657,'Centro'),(40512,3659,'Centro'),(40513,3663,'Centro'),(40514,3688,'Venda Nova'),(40515,3697,'Centro'),(40516,3703,'Centro'),(40517,3709,'Centro'),(40518,3717,'Centro'),(40519,3723,'Centro'),(40520,3725,'Centro'),(40521,3726,'Centro'),(40522,3729,'Centro'),(40524,3903,'Cinco Ilhas'),(40525,2947,'Centro'),(40528,3903,'Córrego Dantas'),(40529,3394,'Córrego do Bufão'),(40532,3416,'Cruzinha'),(40533,3050,'Centro'),(40534,3516,'Encachoeirado'),(40537,3748,'Centro'),(40538,3754,'Centro'),(40539,3766,'Centro'),(40540,3771,'Centro'),(40541,3826,'Centro'),(40542,3838,'Centro'),(40543,3843,'Centro'),(40544,3851,'Centro'),(40545,3864,'Centro'),(40546,3865,'Centro'),(40549,3111,'Centro'),(40551,2891,'Francisco Sá'),(40552,3135,'Centro'),(40553,3139,'Centro'),(40555,3144,'Centro'),(40556,3302,'Giru'),(40563,3308,'Beltrão'),(40564,3885,'Centro'),(40565,3309,'Centro'),(40566,3556,'Limeira'),(40568,2891,'Mairink'),(40570,2881,'Maranhão'),(40571,3302,'Marianos'),(40572,3022,'Maristela'),(40573,3393,'Centro'),(40574,3394,'Centro'),(40581,3987,'Palmeiras'),(40582,3528,'Centro'),(40586,3906,'Centro'),(40587,2881,'Marambainha'),(40589,3927,'Centro'),(40590,2928,'Granjas do Norte'),(40591,3948,'Centro'),(40592,3800,'Centro'),(40593,3957,'Centro'),(40594,3964,'Centro'),(40596,3970,'Centro'),(40597,3976,'Centro'),(40598,3977,'Centro'),(40599,3983,'Centro'),(40600,4008,'Centro'),(40601,4009,'Centro'),(40603,4021,'Centro'),(40604,4034,'Centro'),(40605,4039,'Centro'),(40606,4041,'Centro'),(40607,4044,'Centro'),(40610,4049,'Centro'),(40611,4069,'Centro'),(40612,4071,'Centro'),(40613,4077,'Centro'),(40614,4090,'Centro'),(40615,4092,'Centro'),(40616,4093,'Centro'),(40618,3619,'Santos Dumont'),(40619,2797,'Centro'),(40620,2929,'Centro'),(40622,3872,'Centro'),(40623,4011,'Centro'),(40624,3296,'Centro'),(40625,4062,'Centro'),(40626,3718,'Centro'),(40627,3343,'Centro'),(40628,3289,'Centro'),(40629,3682,'Centro'),(40630,2998,'Centro'),(40631,3661,'Centro'),(40632,2834,'Pedra Branca'),(40638,3341,'Esal'),(40639,3460,'Barra'),(40640,3331,'Centro'),(40643,3250,'Centro'),(40644,3845,'Mundim'),(40645,3845,'Nossa Senhora de Fátima'),(40646,3290,'Padre Eustaquio'),(40648,3460,'Porto'),(40650,3206,'Piratininga'),(40659,2649,'São José'),(40661,3505,'Pioneiros'),(40662,3507,'Rosário'),(40665,3785,'Distrito Industrial'),(40677,3006,'Centro'),(40678,3022,'Centro'),(40680,3048,'Centro'),(40685,3903,'Centro'),(40687,3432,'Centro'),(40689,3443,'Centro'),(40693,3743,'Centro'),(40694,3746,'Centro'),(40696,3836,'Centro'),(40697,3861,'Centro'),(40701,3951,'Centro'),(40705,2759,'Lelivéldia'),(40708,3845,'Abaeté dos Venâncios'),(40713,2632,'Centro'),(40714,4028,'Água Santa de Minas'),(40715,3382,'Águas Claras'),(40717,2642,'Centro'),(40727,2666,'Centro'),(40732,2673,'Centro'),(40736,2679,'Centro'),(40751,2699,'Centro'),(40755,2711,'Centro'),(40768,3020,'Centro'),(40770,2730,'Centro'),(40771,3219,'Centro'),(40776,2760,'Centro'),(40780,3382,'Bento Rodrigues'),(40783,3678,'Bicuíba'),(40784,3897,'Biguatinga'),(40786,3128,'Boa Esperança'),(40789,3864,'Boa Sorte'),(40792,3203,'Bom Jesus da Vereda'),(40795,2841,'Centro'),(40799,2853,'Centro'),(40801,3224,'Bom Jesus do Rio Preto'),(40802,3761,'Bom Jesus do Vermelho'),(40805,2795,'Centro'),(40809,4069,'Brejo do Mutambal'),(40812,3441,'Buritis'),(40816,3024,'Cachimbo'),(40818,3137,'Cachoeira do Arana'),(40823,2707,'Calciolândia'),(40824,2830,'Centro'),(40826,2791,'Centro'),(40830,3746,'Bom Jesus da Vitória'),(40835,2946,'Centro'),(40837,2954,'Centro'),(40844,2970,'Centro'),(40846,2986,'Centro'),(40865,2877,'Centro'),(40870,2900,'Centro'),(40874,2905,'Centro'),(40876,2906,'Centro'),(40884,2917,'Centro'),(40885,3387,'Centro'),(40886,2919,'Centro'),(40889,3011,'Centro'),(40890,3015,'Centro'),(40896,3105,'Centro'),(40897,2900,'Fátima do Pontal'),(40899,3113,'Centro'),(40903,3119,'Centro'),(40905,3129,'Centro'),(40906,3133,'Centro'),(40909,3145,'Centro'),(40910,3870,'Centro'),(40913,3155,'Centro'),(40916,3158,'Centro'),(40917,3161,'Centro'),(40919,3162,'Centro'),(40922,3174,'Centro'),(40923,3180,'Centro'),(40932,3204,'Centro'),(40934,3208,'Centro'),(40935,3559,'Aracaji de Minas'),(40936,2953,'Alagoas'),(40937,2895,'Dos Campos'),(40938,3209,'Centro'),(40939,3785,'Industrial'),(40940,3416,'Baixa Quente'),(40941,3826,'Barreiros'),(40942,3371,'Barrinha'),(40943,2741,'Barro Branco'),(40944,3210,'Centro'),(40973,3217,'Centro'),(40976,3227,'Centro'),(40977,3230,'Centro'),(40984,2784,'Campo Alegre'),(40986,3667,'Campo de Santana'),(40988,2683,'São Sebastião de Campolide'),(40989,3685,'Canjamba'),(40990,3844,'Carneiros'),(40991,3273,'Centro'),(40992,2861,'Cerradinho'),(41058,3322,'Centro'),(41062,3293,'Centro'),(41064,2811,'Centro'),(41080,3351,'Centro'),(41082,3354,'Centro'),(41083,3355,'Centro'),(41086,3224,'Macadame'),(41093,3027,'Centro'),(41117,3098,'Dolearina'),(41118,3052,'Centro'),(41119,3373,'Dom Corrêa'),(41123,3071,'Centro'),(41125,3068,'Centro'),(41128,3081,'Centro'),(41156,3348,'Centro'),(41199,3388,'Centro'),(41201,3392,'Centro'),(41202,3396,'Centro'),(41203,3398,'Centro'),(41204,3403,'Centro'),(41210,3425,'Centro'),(41232,3449,'Centro'),(41233,3452,'Centro'),(41235,2728,'Mocambo'),(41236,3648,'Mulungu de Minas'),(41239,3467,'Centro'),(41241,3375,'Nazário'),(41245,3476,'Centro'),(41246,3477,'Centro'),(41248,3484,'Centro'),(41249,3492,'Centro'),(41256,3497,'Centro'),(41261,3503,'Centro'),(41262,3504,'Centro'),(41265,3511,'Centro'),(41278,3519,'Centro'),(41292,3569,'Centro'),(41293,2815,'Centro'),(41296,3599,'Paraíso da Piedade'),(41297,3761,'Paraíso Garcia'),(41304,3548,'Centro'),(41310,3560,'Centro'),(41314,2926,'Penha do Coco'),(41316,3590,'Centro'),(41324,3596,'Centro'),(41325,3597,'Centro'),(41328,3604,'Centro'),(41351,3644,'Centro'),(41353,3647,'Centro'),(41358,3297,'Pouso Alegre da Mata'),(41361,3670,'Centro'),(41364,3673,'Centro'),(41378,2781,'Revés do Belém'),(41379,3686,'Centro'),(41381,3906,'Ribanceira'),(41386,3698,'Centro'),(41393,3722,'Centro'),(41398,2800,'Salto Grande'),(41417,3732,'Centro'),(41418,3733,'Centro'),(41421,3738,'Centro'),(41424,3826,'Santa Izabel de Minas'),(41426,3008,'Centro'),(41427,3862,'Santa Maria do Baixio'),(41428,3758,'Centro'),(41429,2928,'Santa Rita do Araçuaí'),(41441,3783,'Centro'),(41443,3785,'Centro'),(41445,3789,'Centro'),(41447,3663,'Santiago de Minas'),(41475,3224,'Santo Antônio do Alegre'),(41478,3798,'Centro'),(41481,3599,'Santo Antônio do Porto'),(41483,3807,'Centro'),(41484,2640,'Santo Antônio do Rio Doce'),(41486,3816,'Centro'),(41491,3823,'Centro'),(41492,3825,'Centro'),(41493,3257,'São Francisco do Jataí'),(41495,3833,'Centro'),(41500,3071,'São João da Figueira'),(41501,3849,'Centro'),(41504,3856,'Centro'),(41506,3863,'Centro'),(41511,3071,'São José da Figueira'),(41512,3874,'Centro'),(41513,3875,'Centro'),(41516,3882,'Centro'),(41519,2652,'São José de Pouso Alegre'),(41520,4082,'São José do Triunfo'),(41529,2928,'São Sebastião da Boa Vista'),(41530,3793,'São Sebastião da Estrela'),(41532,3911,'Centro'),(41533,3914,'Centro'),(41534,4045,'São Sebastião do Batatal'),(41536,3921,'Centro'),(41540,3997,'São Simão do Rio Preto'),(41547,4025,'Centro'),(41548,3024,'Tombadouro'),(41552,2620,'Tronqueiras'),(41553,3542,'Tronqueiras'),(41556,4042,'Centro'),(41557,4045,'Centro'),(41560,4052,'Centro'),(41561,4053,'Centro'),(41562,4055,'Centro'),(41565,3618,'Valão Quente'),(41574,3482,'Cabeceira dos Henriques'),(41575,2755,'São Sebastião de Braúnas'),(41576,2755,'Bom Jesus do Bagre'),(41578,3551,'Serra Negra'),(41586,3685,'Vargem do Amargoso'),(41587,4064,'Centro'),(41594,4067,'Centro'),(41595,3291,'Várzea Bonita'),(41600,4073,'Centro'),(41601,4076,'Centro'),(41604,4079,'Centro'),(41611,3688,'Centro'),(41617,3952,'Centro'),(41627,3648,'Serra Branca de Minas'),(41630,3981,'Centro'),(41632,3987,'Centro'),(41635,3992,'Centro'),(41643,4007,'Centro'),(41653,2730,'Zona Rural'),(41664,3132,'Tocoios de Minas'),(41706,3505,'Água Limpa'),(41707,3762,'Aldeamento'),(41713,3411,'Barra Grande'),(41714,2741,'Bom Sucesso'),(41717,3411,'Burrinho'),(41719,3505,'Castigliano'),(41720,3329,'Catauá'),(41722,3505,'Cristais'),(41723,2683,'Curral Novo'),(41726,3825,'Frei Jorge'),(41727,2741,'Gesteira'),(41728,2781,'Iguaçu'),(41762,2763,'Várzea Santo Antônio'),(41764,3710,'Prainha'),(41765,3710,'Penedo'),(41766,3737,'Centro'),(41767,3608,'Centro'),(41768,3311,'Centro'),(41772,2962,'Socorro'),(41773,3329,'Arame'),(41774,2962,'Taboleiro'),(41775,2962,'Ouro Fino'),(41780,3710,'Restinga de Cima'),(41788,3213,'Corguinhos'),(41791,3588,'Serraria'),(41795,3224,'São Tomé de Minas'),(41796,3480,'Jardim Canadá'),(41797,2639,'Machado Mineiro'),(41798,3477,'Santo Antônio de Nova Belém'),(41800,3588,'Centro'),(41816,3869,'Tereza Cristina'),(41817,3398,'Rio Verde de Minas'),(41818,2638,'Água Quente'),(41819,4051,'Ruralminas'),(41845,2669,'Centro'),(41846,2701,'Centro'),(41847,2712,'Centro'),(41848,3330,'Centro'),(41850,3340,'Centro'),(41852,2698,'Centro'),(41853,2700,'Centro'),(41857,4081,'Jardim da Glória'),(41868,3224,'Novo Horizonte'),(41869,3023,'JK'),(41875,4020,'Águas Santas'),(41876,2630,'Alexandrina'),(41877,2823,'Águas Altas'),(41878,2987,'Beltrão'),(41882,4054,'Cardoso'),(41883,2639,'Itamarati'),(41885,3524,'Cisneiros'),(41886,3257,'Iara'),(41893,2987,'Contria'),(41898,3903,'Araras'),(41899,2639,'Mocó'),(41902,3860,'Pontões'),(41903,2896,'Santo Antônio da Serra'),(41904,4049,'São Pedro'),(41911,3762,'Centro'),(41996,3754,'Brejo de Minas'),(42008,2620,'Córrego dos Desiderios'),(42012,3203,'Centro'),(42013,2707,'Ilha'),(42014,3785,'Ipaba de Paraíso'),(42027,3224,'Jerusalém'),(42028,2973,'Joaquim Murtinho'),(42029,3330,'Limeira de Minas'),(42050,3505,'Itatiaia'),(42059,3685,'Peixoto'),(42066,3505,'São Francisco'),(42067,2781,'São Geraldo'),(42076,4013,'Taruaçu'),(42080,2763,'Santo Antônio'),(42253,4020,'César de Pina'),(43018,4073,'Cachoeirinha'),(43262,4066,'Parque Nossa Senhora das Graças'),(43263,2694,'Esplanada'),(43272,3117,'Celeste'),(43289,3461,'Imbiruçu'),(43290,3461,'Ocidente'),(43291,3461,'Centenário'),(43855,3043,'Macedônia'),(44020,2945,'Centro'),(44213,4047,'Jardim Elza Amuí III'),(44217,3840,'Quilombo do Gaia'),(44241,2980,'Distrito Industrial Doutor Hélio Pentagna Guimarães'),(46502,4047,'Cidade Nova'),(46503,3547,'Vila Romana'),(46508,3986,'Cedro e Cachoeira'),(48525,4048,'Jardim Botânico'),(48526,4048,'Jardim Europa'),(48530,3315,'Spina Ville II'),(48561,3332,'Aeroporto'),(48562,3077,'São Norberto'),(48564,2694,'Alfredo Graça'),(48570,4047,'Residencial Monte Castelo'),(48716,3724,'Novo Horizonte'),(48894,4047,'Residencial Mário de Almeida Franco'),(48915,4047,'Flamboyant Residencial Park'),(48919,4047,'Univerdecidade'),(48923,3547,'Distrito Industrial II'),(48980,3507,'São Cristóvão'),(48984,4048,'Umuarama'),(49060,3373,'Bom Pastor'),(49084,4047,'Jardim Copacabana'),(49088,4047,'Deolinda Freire'),(49112,3267,'Aeroporto II'),(49137,2980,'Cabral'),(49172,3547,'Flamboyant'),(49173,2704,'Córrego da Mata'),(49174,2704,'Jardim Natália'),(49175,4047,'Tiago e Jéssica'),(49176,4047,'Peirópolis'),(49177,4047,'Estrela da Vitória'),(49178,4047,'Gleba Déa Maria'),(49179,3547,'Nova Califórnia'),(49181,2704,'Cicinato de Ávila'),(49197,3047,'Liberdade'),(49216,3315,'Santa Isabel'),(49217,3315,'São Damião'),(49218,3315,'Cachoeira'),(49219,3315,'Igrejinha'),(49220,3315,'Vivendas das Fontes'),(49221,2704,'João Bosco Teixeira'),(49222,4047,'Residencial Morada Du Park'),(49231,3315,'Arco Íris'),(49240,2695,'Alvorada'),(49262,3245,'Loteamento Morada do Sol Nascente'),(49303,4082,'Campus'),(49371,3315,'Terras Altas'),(49372,3315,'Fontesville II'),(49373,3315,'Pedra Bonita'),(49409,3315,'Caiçaras'),(49526,3172,'Vale das Cancelas'),(49527,3075,'São José do Acácio'),(49528,2630,'Palmeiras do Resplendor'),(49573,4066,'Condomínio Residencial Urupês'),(49614,3245,'Loteamento Rean'),(49616,2891,'Epaminondas Otoni'),(49677,4047,'Chácaras das Orquideas'),(49740,4047,'Jardim Nenê Gomes'),(49751,4066,'Jardim Estrela I'),(49752,4066,'Jardim Estrela II'),(49753,4066,'Jardim Itália'),(49757,3632,'Jardim Vitória V'),(49775,2754,'Santa Rita de Cássia'),(49776,2754,'Vila Barragem Santa Lúcia'),(49785,4066,'Sagrado Coração'),(49786,4066,'Princesa do Sul'),(49787,4066,'Jardim Santa Mônica'),(49788,4066,'Conjunto Habitacional Sion II'),(49789,4066,'Conjunto Residencial Jetcon'),(49803,3749,'Vale do Tamanduá'),(49804,4047,'Chácaras Vila Real'),(49832,3531,'Patafufo'),(49833,2704,'Residencial Laura'),(49838,3547,'Francisca Silveira'),(49843,4047,'Jardim Terra Santa'),(49844,4047,'Jardim Brasília');
/*!40000 ALTER TABLE `bairro` ENABLE KEYS */;
UNLOCK TABLES;

--
-- Table structure for table `caracteristicas`
--

DROP TABLE IF EXISTS `caracteristicas`;
/*!40101 SET @saved_cs_client     = @@character_set_client */;
/*!40101 SET character_set_client = utf8 */;
CREATE TABLE `caracteristicas` (
  `id` int(11) NOT NULL AUTO_INCREMENT,
  `nome` varchar(250) NOT NULL DEFAULT '0',
  PRIMARY KEY (`id`)
) ENGINE=InnoDB AUTO_INCREMENT=16 DEFAULT CHARSET=utf8;
/*!40101 SET character_set_client = @saved_cs_client */;

--
-- Dumping data for table `caracteristicas`
--

LOCK TABLES `caracteristicas` WRITE;
/*!40000 ALTER TABLE `caracteristicas` DISABLE KEYS */;
INSERT INTO `caracteristicas` VALUES (1,'Área Privativa'),(2,'Despensa'),(3,'Interfone'),(4,'Lavabo'),(5,'Parabólica'),(6,'Piscina'),(7,'Playground'),(8,'Porteiro'),(9,'Quadra Esportiva'),(10,'Quadra de Tênis'),(11,'Rouparia'),(12,'Sala de TV'),(13,'Salão de Festas'),(14,'Sauna'),(15,'DCE');
/*!40000 ALTER TABLE `caracteristicas` ENABLE KEYS */;
UNLOCK TABLES;

--
-- Table structure for table `caracteristicas_imovel`
--

DROP TABLE IF EXISTS `caracteristicas_imovel`;
/*!40101 SET @saved_cs_client     = @@character_set_client */;
/*!40101 SET character_set_client = utf8 */;
CREATE TABLE `caracteristicas_imovel` (
  `imovel` int(11) NOT NULL,
  `caracteristica` int(11) NOT NULL,
  PRIMARY KEY (`imovel`,`caracteristica`),
  KEY `imovel` (`imovel`),
  KEY `caracteristica` (`caracteristica`),
  CONSTRAINT `FK__caracteristicas` FOREIGN KEY (`caracteristica`) REFERENCES `caracteristicas` (`id`),
  CONSTRAINT `FK__imovel` FOREIGN KEY (`imovel`) REFERENCES `imovel` (`id`) ON DELETE CASCADE
) ENGINE=InnoDB DEFAULT CHARSET=utf8;
/*!40101 SET character_set_client = @saved_cs_client */;

--
-- Dumping data for table `caracteristicas_imovel`
--

LOCK TABLES `caracteristicas_imovel` WRITE;
/*!40000 ALTER TABLE `caracteristicas_imovel` DISABLE KEYS */;
INSERT INTO `caracteristicas_imovel` VALUES (3,1),(3,3),(3,4),(3,7),(3,10),(3,13),(3,14),(3,15),(6,1),(6,2),(7,1),(7,4),(7,5);
/*!40000 ALTER TABLE `caracteristicas_imovel` ENABLE KEYS */;
UNLOCK TABLES;

--
-- Table structure for table `cidade`
--

DROP TABLE IF EXISTS `cidade`;
/*!40101 SET @saved_cs_client     = @@character_set_client */;
/*!40101 SET character_set_client = utf8 */;
CREATE TABLE `cidade` (
  `codigo` int(11) NOT NULL,
  `uf` int(11) NOT NULL,
  `nome` varchar(250) NOT NULL,
  PRIMARY KEY (`codigo`),
  KEY `Índex 2` (`uf`),
  CONSTRAINT `FK__uf` FOREIGN KEY (`uf`) REFERENCES `uf` (`codigo`)
) ENGINE=InnoDB DEFAULT CHARSET=utf8;
/*!40101 SET character_set_client = @saved_cs_client */;

--
-- Dumping data for table `cidade`
--

LOCK TABLES `cidade` WRITE;
/*!40000 ALTER TABLE `cidade` DISABLE KEYS */;
INSERT INTO `cidade` VALUES (2620,11,'Abadia dos Dourados'),(2621,11,'Abaeté'),(2624,11,'Abre Campo'),(2626,11,'Acaiaca'),(2627,11,'Açucena'),(2630,11,'Água Boa'),(2632,11,'Água Comprida'),(2634,11,'Aguanil'),(2638,11,'Águas Formosas'),(2639,11,'Águas Vermelhas'),(2640,11,'Aimorés'),(2641,11,'Aiuruoca'),(2642,11,'Alagoa'),(2643,11,'Albertina'),(2649,11,'Além Paraíba'),(2651,11,'Alfenas'),(2652,11,'Alfredo Vasconcelos'),(2654,11,'Almenara'),(2655,11,'Alpercata'),(2656,11,'Alpinópolis'),(2657,11,'Alterosa'),(2658,11,'Alto Caparaó'),(2661,11,'Alto Jequitibá'),(2663,11,'Alto Rio Doce'),(2666,11,'Alvarenga'),(2667,11,'Alvinópolis'),(2669,11,'Alvorada de Minas'),(2673,11,'Amparo da Serra'),(2675,11,'Andradas'),(2676,11,'Andrelândia'),(2679,11,'Angelândia'),(2683,11,'Antônio Carlos'),(2684,11,'Antônio Dias'),(2688,11,'Antônio Prado de Minas'),(2691,11,'Araçaí'),(2693,11,'Aracitaba'),(2694,11,'Araçuaí'),(2695,11,'Araguari'),(2698,11,'Arantina'),(2699,11,'Araponga'),(2700,11,'Araporã'),(2701,11,'Arapuá'),(2702,11,'Araújos'),(2704,11,'Araxá'),(2706,11,'Arceburgo'),(2707,11,'Arcos'),(2708,11,'Areado'),(2710,11,'Argirita'),(2711,11,'Aricanduva'),(2712,11,'Arinos'),(2716,11,'Astolfo Dutra'),(2717,11,'Ataléia'),(2718,11,'Augusto de Lima'),(2723,11,'Baependi'),(2728,11,'Baldim'),(2729,11,'Bambuí'),(2730,11,'Bandeira'),(2731,11,'Bandeira do Sul'),(2733,11,'Barão de Cocais'),(2734,11,'Barão de Monte Alto'),(2735,11,'Barbacena'),(2741,11,'Barra Longa'),(2749,11,'Barroso'),(2751,11,'Bela Vista de Minas'),(2753,11,'Belmiro Braga'),(2754,11,'Belo Horizonte'),(2755,11,'Belo Oriente'),(2757,11,'Belo Vale'),(2759,11,'Berilo'),(2760,11,'Berizal'),(2761,11,'Bertópolis'),(2762,11,'Betim'),(2763,11,'Bias Fortes'),(2764,11,'Bicas'),(2766,11,'Biquinhas'),(2768,11,'Boa Esperança'),(2772,11,'Bocaina de Minas'),(2773,11,'Bocaiúva'),(2774,11,'Bom Despacho'),(2775,11,'Bom Jardim de Minas'),(2777,11,'Bom Jesus da Penha'),(2779,11,'Bom Jesus do Amparo'),(2781,11,'Bom Jesus do Galho'),(2784,11,'Bom Repouso'),(2786,11,'Bom Sucesso'),(2789,11,'Bonfim'),(2790,11,'Bonfinópolis de Minas'),(2791,11,'Bonito de Minas'),(2793,11,'Borda da Mata'),(2794,11,'Botelhos'),(2795,11,'Botumirim'),(2796,11,'Brás Pires'),(2797,11,'Brasilândia de Minas'),(2798,11,'Brasília de Minas'),(2799,11,'Brasópolis'),(2800,11,'Braúnas'),(2805,11,'Brumadinho'),(2809,11,'Bueno Brandão'),(2810,11,'Buenópolis'),(2811,11,'Bugre'),(2812,11,'Buritis'),(2813,11,'Buritizeiro'),(2815,11,'Cabeceira Grande'),(2816,11,'Cabo Verde'),(2821,11,'Cachoeira da Prata'),(2822,11,'Cachoeira de Minas'),(2823,11,'Cachoeira de Pajeú'),(2830,11,'Cachoeira Dourada'),(2833,11,'Caetanópolis'),(2834,11,'Caeté'),(2836,11,'Caiana'),(2838,11,'Cajuri'),(2839,11,'Caldas'),(2841,11,'Camacho'),(2842,11,'Camanducaia'),(2844,11,'Cambuí'),(2845,11,'Cambuquira'),(2846,11,'Campanário'),(2847,11,'Campanha'),(2848,11,'Campestre'),(2850,11,'Campina Verde'),(2853,11,'Campo Azul'),(2854,11,'Campo Belo'),(2855,11,'Campo do Meio'),(2856,11,'Campo Florido'),(2859,11,'Campos Altos'),(2860,11,'Campos Gerais'),(2861,11,'Cana Verde'),(2862,11,'Canaã'),(2865,11,'Canápolis'),(2867,11,'Candeias'),(2869,11,'Cantagalo'),(2870,11,'Caparaó'),(2871,11,'Capela Nova'),(2872,11,'Capelinha'),(2873,11,'Capetinga'),(2874,11,'Capim Branco'),(2875,11,'Capinópolis'),(2877,11,'Capitão Andrade'),(2878,11,'Capitão Enéas'),(2879,11,'Capitólio'),(2880,11,'Caputira'),(2881,11,'Caraí'),(2882,11,'Caranaíba'),(2883,11,'Carandaí'),(2884,11,'Carangola'),(2885,11,'Caratinga'),(2886,11,'Carbonita'),(2888,11,'Careaçu'),(2891,11,'Carlos Chagas'),(2892,11,'Carmésia'),(2893,11,'Carmo da Cachoeira'),(2894,11,'Carmo da Mata'),(2895,11,'Carmo de Minas'),(2896,11,'Carmo do Cajuru'),(2897,11,'Carmo do Paranaíba'),(2898,11,'Carmo do Rio Claro'),(2899,11,'Carmópolis de Minas'),(2900,11,'Carneirinho'),(2901,11,'Carrancas'),(2903,11,'Carvalhópolis'),(2904,11,'Carvalhos'),(2905,11,'Casa Grande'),(2906,11,'Cascalho Rico'),(2907,11,'Cássia'),(2909,11,'Cataguases'),(2911,11,'Catas Altas'),(2912,11,'Catas Altas da Noruega'),(2914,11,'Catuji'),(2917,11,'Catuti'),(2918,11,'Caxambu'),(2919,11,'Cedro do Abaeté'),(2921,11,'Central de Minas'),(2923,11,'Centralina'),(2925,11,'Chácara'),(2926,11,'Chalé'),(2928,11,'Chapada do Norte'),(2929,11,'Chapada Gaúcha'),(2931,11,'Chiador'),(2934,11,'Cipotânea'),(2937,11,'Claraval'),(2939,11,'Claro dos Poções'),(2940,11,'Cláudio'),(2944,11,'Coimbra'),(2945,11,'Coluna'),(2946,11,'Comendador Gomes'),(2947,11,'Comercinho'),(2948,11,'Conceição da Aparecida'),(2949,11,'Conceição da Barra de Minas'),(2953,11,'Conceição das Alagoas'),(2954,11,'Conceição das Pedras'),(2955,11,'Conceição de Ipanema'),(2962,11,'Conceição do Mato Dentro'),(2963,11,'Conceição do Pará'),(2965,11,'Conceição do Rio Verde'),(2966,11,'Conceição dos Ouros'),(2970,11,'Cônego Marinho'),(2971,11,'Confins'),(2972,11,'Congonhal'),(2973,11,'Congonhas'),(2974,11,'Congonhas do Norte'),(2975,11,'Conquista'),(2976,11,'Conselheiro Lafaiete'),(2978,11,'Conselheiro Pena'),(2979,11,'Consolação'),(2980,11,'Contagem'),(2983,11,'Coqueiral'),(2984,11,'Coração de Jesus'),(2985,11,'Cordisburgo'),(2986,11,'Cordislândia'),(2987,11,'Corinto'),(2988,11,'Coroaci'),(2989,11,'Coromandel'),(2990,11,'Coronel Fabriciano'),(2991,11,'Coronel Murta'),(2992,11,'Coronel Pacheco'),(2993,11,'Coronel Xavier Chaves'),(2994,11,'Córrego Danta'),(2996,11,'Córrego do Bom Jesus'),(2998,11,'Córrego Fundo'),(2999,11,'Córrego Novo'),(3006,11,'Couto de Magalhães de Minas'),(3008,11,'Crisólita'),(3010,11,'Cristais'),(3011,11,'Cristália'),(3012,11,'Cristiano Otoni'),(3013,11,'Cristina'),(3014,11,'Crucilândia'),(3015,11,'Cruzeiro da Fortaleza'),(3017,11,'Cruzília'),(3020,11,'Cuparaque'),(3022,11,'Curral de Dentro'),(3023,11,'Curvelo'),(3024,11,'Datas'),(3025,11,'Delfim Moreira'),(3026,11,'Delfinópolis'),(3027,11,'Delta'),(3030,11,'Descoberto'),(3033,11,'Desterro de Entre Rios'),(3034,11,'Desterro do Melo'),(3036,11,'Diamantina'),(3039,11,'Diogo de Vasconcelos'),(3040,11,'Dionísio'),(3041,11,'Divinésia'),(3042,11,'Divino'),(3043,11,'Divino das Laranjeiras'),(3046,11,'Divinolândia de Minas'),(3047,11,'Divinópolis'),(3048,11,'Divisa Alegre'),(3049,11,'Divisa Nova'),(3050,11,'Divisópolis'),(3052,11,'Dom Bosco'),(3053,11,'Dom Cavati'),(3054,11,'Dom Joaquim'),(3057,11,'Dom Silvério'),(3058,11,'Dom Viçoso'),(3059,11,'Dona Euzébia'),(3061,11,'Dores de Campos'),(3062,11,'Dores de Guanhães'),(3063,11,'Dores do Indaiá'),(3065,11,'Dores do Turvo'),(3066,11,'Doresópolis'),(3068,11,'Douradoquara'),(3071,11,'Durandé'),(3073,11,'Elói Mendes'),(3075,11,'Engenheiro Caldas'),(3077,11,'Engenheiro Navarro'),(3081,11,'Entre Folhas'),(3082,11,'Entre Rios de Minas'),(3085,11,'Ervália'),(3086,11,'Esmeraldas'),(3088,11,'Espera Feliz'),(3089,11,'Espinosa'),(3090,11,'Espírito Santo do Dourado'),(3093,11,'Estiva'),(3095,11,'Estrela Dalva'),(3097,11,'Estrela do Indaiá'),(3098,11,'Estrela do Sul'),(3099,11,'Eugenópolis'),(3101,11,'Ewbank da Câmara'),(3104,11,'Extrema'),(3105,11,'Fama'),(3106,11,'Faria Lemos'),(3110,11,'Felício dos Santos'),(3111,11,'Felisburgo'),(3112,11,'Felixlândia'),(3113,11,'Fernandes Tourinho'),(3117,11,'Ferros'),(3119,11,'Fervedouro'),(3125,11,'Florestal'),(3128,11,'Formiga'),(3129,11,'Formoso'),(3130,11,'Fortaleza de Minas'),(3131,11,'Fortuna de Minas'),(3132,11,'Francisco Badaró'),(3133,11,'Francisco Dumont'),(3134,11,'Francisco Sá'),(3135,11,'Franciscópolis'),(3137,11,'Frei Gaspar'),(3138,11,'Frei Inocêncio'),(3139,11,'Frei Lagonegro'),(3143,11,'Fronteira'),(3144,11,'Fronteira dos Vales'),(3145,11,'Fruta de Leite'),(3146,11,'Frutal'),(3148,11,'Funilândia'),(3153,11,'Galiléia'),(3155,11,'Gameleiras'),(3158,11,'Glaucilândia'),(3161,11,'Goiabeira'),(3162,11,'Goianá'),(3164,11,'Gonçalves'),(3165,11,'Gonzaga'),(3168,11,'Gouvea'),(3169,11,'Governador Valadares'),(3172,11,'Grão Mogol'),(3174,11,'Grupiara'),(3177,11,'Guanhães'),(3178,11,'Guapé'),(3179,11,'Guaraciaba'),(3180,11,'Guaraciama'),(3181,11,'Guaranésia'),(3182,11,'Guarani'),(3184,11,'Guarará'),(3187,11,'Guarda-Mor'),(3190,11,'Guaxupé'),(3191,11,'Guidoval'),(3192,11,'Guimarânia'),(3194,11,'Guiricema'),(3195,11,'Gurinhatã'),(3196,11,'Heliodora'),(3200,11,'Iapu'),(3201,11,'Ibertioga'),(3202,11,'Ibiá'),(3203,11,'Ibiaí'),(3204,11,'Ibiracatu'),(3205,11,'Ibiraci'),(3206,11,'Ibirité'),(3208,11,'Ibitiúra de Minas'),(3209,11,'Ibituruna'),(3210,11,'Icaraí de Minas'),(3211,11,'Igarapé'),(3212,11,'Igaratinga'),(3213,11,'Iguatama'),(3214,11,'Ijaci'),(3216,11,'Ilicínea'),(3217,11,'Imbé de Minas'),(3218,11,'Inconfidentes'),(3219,11,'Indaiabira'),(3221,11,'Indianópolis'),(3222,11,'Ingaí'),(3224,11,'Inhapim'),(3225,11,'Inhaúma'),(3226,11,'Inimutaba'),(3227,11,'Ipaba'),(3228,11,'Ipanema'),(3229,11,'Ipatinga'),(3230,11,'Ipiaçu'),(3232,11,'Ipuiúna'),(3233,11,'Iraí de Minas'),(3234,11,'Itabira'),(3235,11,'Itabirinha'),(3236,11,'Itabirito'),(3238,11,'Itacambira'),(3239,11,'Itacarambi'),(3242,11,'Itaguara'),(3244,11,'Itaipé'),(3245,11,'Itajubá'),(3247,11,'Itamarandiba'),(3249,11,'Itamarati de Minas'),(3250,11,'Itambacuri'),(3251,11,'Itambé do Mato Dentro'),(3253,11,'Itamogi'),(3254,11,'Itamonte'),(3256,11,'Itanhandu'),(3257,11,'Itanhomi'),(3258,11,'Itaobim'),(3259,11,'Itapagipe'),(3261,11,'Itapecerica'),(3262,11,'Itapeva'),(3265,11,'Itatiaiuçu'),(3266,11,'Itaú de Minas'),(3267,11,'Itaúna'),(3269,11,'Itaverava'),(3271,11,'Itinga'),(3273,11,'Itueta'),(3275,11,'Ituiutaba'),(3276,11,'Itumirim'),(3277,11,'Iturama'),(3278,11,'Itutinga'),(3279,11,'Jaboticatubas'),(3282,11,'Jacinto'),(3283,11,'Jacuí'),(3284,11,'Jacutinga'),(3285,11,'Jaguaraçu'),(3288,11,'Jaíba'),(3289,11,'Jampruca'),(3290,11,'Janaúba'),(3291,11,'Januária'),(3292,11,'Japaraíba'),(3293,11,'Japonvar'),(3295,11,'Jeceaba'),(3296,11,'Jenipapo de Minas'),(3297,11,'Jequeri'),(3298,11,'Jequitaí'),(3299,11,'Jequitibá'),(3300,11,'Jequitinhonha'),(3301,11,'Jesuânia'),(3302,11,'Joaíma'),(3303,11,'Joanésia'),(3304,11,'João Monlevade'),(3305,11,'João Pinheiro'),(3306,11,'Joaquim Felício'),(3307,11,'Jordânia'),(3308,11,'José Gonçalves de Minas'),(3309,11,'José Raydan'),(3311,11,'Josenópolis'),(3312,11,'Juatuba'),(3315,11,'Juiz de Fora'),(3317,11,'Juramento'),(3319,11,'Juruaia'),(3322,11,'Juvenília'),(3324,11,'Ladainha'),(3325,11,'Lagamar'),(3327,11,'Lagoa da Prata'),(3328,11,'Lagoa dos Patos'),(3329,11,'Lagoa Dourada'),(3330,11,'Lagoa Formosa'),(3331,11,'Lagoa Grande'),(3332,11,'Lagoa Santa'),(3333,11,'Lajinha'),(3334,11,'Lambari'),(3335,11,'Lamim'),(3338,11,'Laranjal'),(3340,11,'Lassance'),(3341,11,'Lavras'),(3342,11,'Leandro Ferreira'),(3343,11,'Leme do Prado'),(3344,11,'Leopoldina'),(3346,11,'Liberdade'),(3347,11,'Lima Duarte'),(3348,11,'Limeira do Oeste'),(3351,11,'Lontra'),(3354,11,'Luisburgo'),(3355,11,'Luislândia'),(3358,11,'Luminárias'),(3360,11,'Luz'),(3362,11,'Machacalis'),(3363,11,'Machado'),(3366,11,'Madre de Deus de Minas'),(3370,11,'Malacacheta'),(3371,11,'Mamonas'),(3372,11,'Manga'),(3373,11,'Manhuaçu'),(3374,11,'Manhumirim'),(3375,11,'Mantena'),(3378,11,'Mar de Espanha'),(3380,11,'Maravilhas'),(3381,11,'Maria da Fé'),(3382,11,'Mariana'),(3383,11,'Marilac'),(3385,11,'Mário Campos'),(3386,11,'Maripá de Minas'),(3387,11,'Marliéria'),(3388,11,'Marmelópolis'),(3390,11,'Martinho Campos'),(3392,11,'Martins Soares'),(3393,11,'Mata Verde'),(3394,11,'Materlândia'),(3395,11,'Mateus Leme'),(3396,11,'Mathias Lobato'),(3397,11,'Matias Barbosa'),(3398,11,'Matias Cardoso'),(3399,11,'Matipó'),(3400,11,'Mato Verde'),(3401,11,'Matozinhos'),(3402,11,'Matutina'),(3403,11,'Medeiros'),(3404,11,'Medina'),(3407,11,'Mendes Pimentel'),(3409,11,'Mercês'),(3411,11,'Mesquita'),(3416,11,'Minas Novas'),(3417,11,'Minduri'),(3418,11,'Mirabela'),(3419,11,'Miradouro'),(3421,11,'Miraí'),(3425,11,'Miravânia'),(3429,11,'Moeda'),(3430,11,'Moema'),(3432,11,'Monjolos'),(3436,11,'Monsenhor Paulo'),(3437,11,'Montalvânia'),(3438,11,'Monte Alegre de Minas'),(3439,11,'Monte Azul'),(3440,11,'Monte Belo'),(3441,11,'Monte Carmelo'),(3443,11,'Monte Formoso'),(3445,11,'Monte Santo de Minas'),(3446,11,'Monte Sião'),(3448,11,'Montes Claros'),(3449,11,'Montezuma'),(3450,11,'Morada Nova de Minas'),(3452,11,'Morro da Garça'),(3454,11,'Morro do Pilar'),(3458,11,'Munhoz'),(3460,11,'Muriaé'),(3461,11,'Mutum'),(3462,11,'Muzambinho'),(3463,11,'Nacip Raydan'),(3464,11,'Nanuque'),(3465,11,'Naque'),(3467,11,'Natalândia'),(3468,11,'Natércia'),(3470,11,'Nazareno'),(3473,11,'Nepomuceno'),(3476,11,'Ninheira'),(3477,11,'Nova Belém'),(3478,11,'Nova Era'),(3480,11,'Nova Lima'),(3482,11,'Nova Módica'),(3483,11,'Nova Ponte'),(3484,11,'Nova Porteirinha'),(3485,11,'Nova Resende'),(3486,11,'Nova Serrana'),(3487,11,'Nova União'),(3489,11,'Novo Cruzeiro'),(3491,11,'Novo Oriente de Minas'),(3492,11,'Novorizonte'),(3494,11,'Olaria'),(3497,11,'Olhos D\'Água'),(3499,11,'Olímpio Noronha'),(3500,11,'Oliveira'),(3501,11,'Oliveira Fortes'),(3502,11,'Onça de Pitangui'),(3503,11,'Oratórios'),(3504,11,'Orizânia'),(3505,11,'Ouro Branco'),(3506,11,'Ouro Fino'),(3507,11,'Ouro Preto'),(3508,11,'Ouro Verde de Minas'),(3511,11,'Padre Carvalho'),(3516,11,'Padre Paraíso'),(3519,11,'Pai Pedro'),(3520,11,'Paineiras'),(3521,11,'Pains'),(3523,11,'Paiva'),(3524,11,'Palma'),(3528,11,'Palmópolis'),(3530,11,'Papagaios'),(3531,11,'Pará de Minas'),(3532,11,'Paracatu'),(3533,11,'Paraguaçu'),(3536,11,'Paraisópolis'),(3537,11,'Paraopeba'),(3542,11,'Passa Quatro'),(3543,11,'Passa Tempo'),(3544,11,'Passa Vinte'),(3545,11,'Passabém'),(3547,11,'Passos'),(3548,11,'Patis'),(3549,11,'Patos de Minas'),(3551,11,'Patrocínio'),(3552,11,'Patrocínio do Muriaé'),(3553,11,'Paula Cândido'),(3555,11,'Paulistas'),(3556,11,'Pavão'),(3558,11,'Peçanha'),(3559,11,'Pedra Azul'),(3560,11,'Pedra Bonita'),(3562,11,'Pedra do Anta'),(3563,11,'Pedra do Indaiá'),(3565,11,'Pedra Dourada'),(3568,11,'Pedralva'),(3569,11,'Pedras de Maria da Cruz'),(3570,11,'Pedrinópolis'),(3571,11,'Pedro Leopoldo'),(3573,11,'Pedro Teixeira'),(3581,11,'Pequeri'),(3582,11,'Pequi'),(3583,11,'Perdigão'),(3585,11,'Perdizes'),(3586,11,'Perdões'),(3588,11,'Periquito'),(3590,11,'Pescador'),(3594,11,'Piau'),(3596,11,'Piedade de Caratinga'),(3597,11,'Piedade de Ponte Nova'),(3599,11,'Piedade do Rio Grande'),(3600,11,'Piedade dos Gerais'),(3602,11,'Pimenta'),(3604,11,'Pingo-D\'Água'),(3608,11,'Pintópolis'),(3611,11,'Piracema'),(3612,11,'Pirajuba'),(3613,11,'Piranga'),(3614,11,'Piranguçu'),(3615,11,'Piranguinho'),(3618,11,'Pirapetinga'),(3619,11,'Pirapora'),(3620,11,'Piraúba'),(3623,11,'Pitangui'),(3625,11,'Piumhi'),(3627,11,'Planura'),(3630,11,'Poço Fundo'),(3632,11,'Poços de Caldas'),(3633,11,'Pocrane'),(3634,11,'Pompéu'),(3641,11,'Ponte Nova'),(3644,11,'Ponto Chique'),(3647,11,'Ponto dos Volantes'),(3648,11,'Porteirinha'),(3652,11,'Porto Firme'),(3653,11,'Poté'),(3654,11,'Pouso Alegre'),(3655,11,'Pouso Alto'),(3656,11,'Prados'),(3657,11,'Prata'),(3658,11,'Pratápolis'),(3659,11,'Pratinha'),(3660,11,'Presidente Bernardes'),(3661,11,'Presidente Juscelino'),(3662,11,'Presidente Kubitschek'),(3663,11,'Presidente Olegário'),(3667,11,'Prudente de Morais'),(3670,11,'Quartel Geral'),(3673,11,'Queluzita'),(3677,11,'Raposos'),(3678,11,'Raul Soares'),(3681,11,'Recreio'),(3682,11,'Reduto'),(3683,11,'Resende Costa'),(3684,11,'Resplendor'),(3685,11,'Ressaquinha'),(3686,11,'Riachinho'),(3688,11,'Riacho dos Machados'),(3689,11,'Ribeirão das Neves'),(3691,11,'Ribeirão Vermelho'),(3694,11,'Rio Acima'),(3695,11,'Rio Casca'),(3697,11,'Rio do Prado'),(3698,11,'Rio Doce'),(3699,11,'Rio Espera'),(3700,11,'Rio Manso'),(3702,11,'Rio Novo'),(3703,11,'Rio Paranaíba'),(3704,11,'Rio Pardo de Minas'),(3705,11,'Rio Piracicaba'),(3706,11,'Rio Pomba'),(3708,11,'Rio Preto'),(3709,11,'Rio Vermelho'),(3710,11,'Ritápolis'),(3713,11,'Rochedo de Minas'),(3715,11,'Rodeiro'),(3717,11,'Romaria'),(3718,11,'Rosário da Limeira'),(3722,11,'Rubelita'),(3723,11,'Rubim'),(3724,11,'Sabará'),(3725,11,'Sabinópolis'),(3726,11,'Sacramento'),(3727,11,'Salinas'),(3729,11,'Salto da Divisa'),(3731,11,'Santa Bárbara'),(3732,11,'Santa Bárbara do Leste'),(3733,11,'Santa Bárbara do Monte Verde'),(3734,11,'Santa Bárbara do Tugúrio'),(3737,11,'Santa Cruz de Minas'),(3738,11,'Santa Cruz de Salinas'),(3739,11,'Santa Cruz do Escalvado'),(3743,11,'Santa Efigênia de Minas'),(3744,11,'Santa Fé de Minas'),(3746,11,'Santa Helena de Minas'),(3748,11,'Santa Juliana'),(3749,11,'Santa Luzia'),(3751,11,'Santa Margarida'),(3752,11,'Santa Maria de Itabira'),(3753,11,'Santa Maria do Salto'),(3754,11,'Santa Maria do Suaçuí'),(3756,11,'Santa Rita de Caldas'),(3757,11,'Santa Rita de Jacutinga'),(3758,11,'Santa Rita de Minas'),(3761,11,'Santa Rita do Ibitipoca'),(3762,11,'Santa Rita do Itueto'),(3764,11,'Santa Rita do Sapucaí'),(3766,11,'Santa Rosa da Serra'),(3771,11,'Santa Vitória'),(3772,11,'Santana da Vargem'),(3774,11,'Santana de Cataguases'),(3776,11,'Santana de Pirapama'),(3781,11,'Santana do Deserto'),(3782,11,'Santana do Garambéu'),(3783,11,'Santana do Jacaré'),(3784,11,'Santana do Manhuaçu'),(3785,11,'Santana do Paraíso'),(3787,11,'Santana do Riacho'),(3789,11,'Santana dos Montes'),(3793,11,'Santo Antônio do Amparo'),(3794,11,'Santo Antônio do Aventureiro'),(3798,11,'Santo Antônio do Grama'),(3799,11,'Santo Antônio do Itambé'),(3800,11,'Santo Antônio do Jacinto'),(3803,11,'Santo Antônio do Monte'),(3807,11,'Santo Antônio do Retiro'),(3808,11,'Santo Antônio do Rio Abaixo'),(3812,11,'Santo Hipólito'),(3813,11,'Santos Dumont'),(3816,11,'São Bento Abade'),(3818,11,'São Brás do Suaçuí'),(3823,11,'São Domingos das Dores'),(3824,11,'São Domingos do Prata'),(3825,11,'São Félix de Minas'),(3826,11,'São Francisco'),(3827,11,'São Francisco de Paula'),(3828,11,'São Francisco de Sales'),(3829,11,'São Francisco do Glória'),(3831,11,'São Geraldo'),(3833,11,'São Geraldo da Piedade'),(3836,11,'São Geraldo do Baixio'),(3838,11,'São Gonçalo do Abaeté'),(3840,11,'São Gonçalo do Pará'),(3841,11,'São Gonçalo do Rio Abaixo'),(3843,11,'São Gonçalo do Rio Preto'),(3844,11,'São Gonçalo do Sapucaí'),(3845,11,'São Gotardo'),(3847,11,'São João Batista do Glória'),(3849,11,'São João da Lagoa'),(3850,11,'São João da Mata'),(3851,11,'São João da Ponte'),(3856,11,'São João das Missões'),(3857,11,'São João Del Rei'),(3860,11,'São João do Manhuaçu'),(3861,11,'São João do Manteninha'),(3862,11,'São João do Oriente'),(3863,11,'São João do Pacuí'),(3864,11,'São João do Paraíso'),(3865,11,'São João Evangelista'),(3866,11,'São João Nepomuceno'),(3869,11,'São Joaquim de Bicas'),(3870,11,'São José da Barra'),(3872,11,'São José da Lapa'),(3874,11,'São José da Safira'),(3875,11,'São José da Varginha'),(3878,11,'São José do Alegre'),(3882,11,'São José do Divino'),(3883,11,'São José do Goiabal'),(3885,11,'São José do Jacuri'),(3886,11,'São José do Mantimento'),(3892,11,'São Lourenço'),(3895,11,'São Miguel do Anta'),(3897,11,'São Pedro da União'),(3903,11,'São Pedro do Suaçuí'),(3904,11,'São Pedro dos Ferros'),(3906,11,'São Romão'),(3907,11,'São Roque de Minas'),(3909,11,'São Sebastião da Bela Vista'),(3911,11,'São Sebastião da Vargem Alegre'),(3914,11,'São Sebastião do Anta'),(3921,11,'São Sebastião do Maranhão'),(3923,11,'São Sebastião do Oeste'),(3924,11,'São Sebastião do Paraíso'),(3926,11,'São Sebastião do Rio Preto'),(3927,11,'São Sebastião do Rio Verde'),(3933,11,'São Tiago'),(3934,11,'São Tomás de Aquino'),(3935,11,'São Thomé das Letras'),(3938,11,'São Vicente de Minas'),(3943,11,'Sapucaí-Mirim'),(3948,11,'Sardoá'),(3949,11,'Sarzedo'),(3951,11,'Sem Peixe'),(3952,11,'Senador Amaral'),(3953,11,'Senador Cortes'),(3954,11,'Senador Firmino'),(3955,11,'Senador José Bento'),(3957,11,'Senador Modestino Gonçalves'),(3962,11,'Senhora de Oliveira'),(3964,11,'Senhora do Porto'),(3965,11,'Senhora dos Remédios'),(3967,11,'Sericita'),(3968,11,'Seritinga'),(3970,11,'Serra Azul de Minas'),(3973,11,'Serra da Saudade'),(3976,11,'Serra do Salitre'),(3977,11,'Serra dos Aimorés'),(3980,11,'Serrania'),(3981,11,'Serranópolis de Minas'),(3982,11,'Serranos'),(3983,11,'Serro'),(3986,11,'Sete Lagoas'),(3987,11,'Setubinha'),(3992,11,'Silveirânia'),(3994,11,'Silvianópolis'),(3996,11,'Simão Pereira'),(3997,11,'Simonésia'),(3999,11,'Sobrália'),(4000,11,'Soledade de Minas'),(4005,11,'Tabuleiro'),(4006,11,'Taiobeiras'),(4007,11,'Taparuba'),(4008,11,'Tapira'),(4009,11,'Tapiraí'),(4011,11,'Taquaraçu de Minas'),(4013,11,'Tarumirim'),(4015,11,'Teixeiras'),(4017,11,'Teófilo Otoni'),(4019,11,'Timóteo'),(4020,11,'Tiradentes'),(4021,11,'Tiros'),(4024,11,'Tocantins'),(4025,11,'Tocos do Moji'),(4026,11,'Toledo'),(4028,11,'Tombos'),(4032,11,'Três Corações'),(4034,11,'Três Marias'),(4035,11,'Três Pontas'),(4038,11,'Tumiritinga'),(4039,11,'Tupaciguara'),(4041,11,'Turmalina'),(4042,11,'Turvolândia'),(4043,11,'Ubá'),(4044,11,'Ubaí'),(4045,11,'Ubaporanga'),(4047,11,'Uberaba'),(4048,11,'Uberlândia'),(4049,11,'Umburatiba'),(4051,11,'Unaí'),(4052,11,'União de Minas'),(4053,11,'Uruana de Minas'),(4054,11,'Urucânia'),(4055,11,'Urucuia'),(4062,11,'Vargem Alegre'),(4063,11,'Vargem Bonita'),(4064,11,'Vargem Grande do Rio Pardo'),(4066,11,'Varginha'),(4067,11,'Varjão de Minas'),(4068,11,'Várzea da Palma'),(4069,11,'Varzelândia'),(4071,11,'Vazante'),(4073,11,'Verdelândia'),(4076,11,'Veredinha'),(4077,11,'Veríssimo'),(4079,11,'Vermelho Novo'),(4081,11,'Vespasiano'),(4082,11,'Viçosa'),(4083,11,'Vieiras'),(4090,11,'Virgem da Lapa'),(4091,11,'Virgínia'),(4092,11,'Virginópolis'),(4093,11,'Virgolândia'),(4094,11,'Visconde do Rio Branco'),(4098,11,'Volta Grande'),(4099,11,'Wenceslau Braz');
/*!40000 ALTER TABLE `cidade` ENABLE KEYS */;
UNLOCK TABLES;

--
-- Table structure for table `fotos_imovel`
--

DROP TABLE IF EXISTS `fotos_imovel`;
/*!40101 SET @saved_cs_client     = @@character_set_client */;
/*!40101 SET character_set_client = utf8 */;
CREATE TABLE `fotos_imovel` (
  `id` int(11) NOT NULL AUTO_INCREMENT,
  `imovel` int(11) NOT NULL,
  `nome_arquivo` varchar(200) NOT NULL,
  `nome_hash` varchar(36) NOT NULL,
  PRIMARY KEY (`id`),
  KEY `fk_fotos_imovel_1_idx` (`imovel`),
  CONSTRAINT `fk_fotos_imovel` FOREIGN KEY (`imovel`) REFERENCES `imovel` (`id`) ON DELETE NO ACTION ON UPDATE NO ACTION
) ENGINE=InnoDB AUTO_INCREMENT=11 DEFAULT CHARSET=utf8;
/*!40101 SET character_set_client = @saved_cs_client */;

--
-- Dumping data for table `fotos_imovel`
--

LOCK TABLES `fotos_imovel` WRITE;
/*!40000 ALTER TABLE `fotos_imovel` DISABLE KEYS */;
INSERT INTO `fotos_imovel` VALUES (3,6,'intruder1.jpg','WbCoYnK9_5ImHy-B4B58FNclEleB-iQc.jpg'),(4,6,'intruder2.jpg','DDA5765JK1ekNEAoMEIDAXHCL27bqir9.jpg'),(5,6,'intruder1.jpg','4hlHnoM-SDLjwH3bWnCrc2LHBOqMzBWq.jpg'),(6,6,'intruder2.jpg','ZsUHi3VxPDt7yHfVlIl4P88cSKbmnpNa.jpg'),(7,6,'intruder3.jpg','bNBD-gncGJIte1dRE9b56064OrxS6Bpv.jpg'),(10,6,'intruder4.jpg','uA0PWnTCn_IzkqenWHCpgxEyO8CwLose.jpg');
/*!40000 ALTER TABLE `fotos_imovel` ENABLE KEYS */;
UNLOCK TABLES;

--
-- Table structure for table `imovel`
--

DROP TABLE IF EXISTS `imovel`;
/*!40101 SET @saved_cs_client     = @@character_set_client */;
/*!40101 SET character_set_client = utf8 */;
CREATE TABLE `imovel` (
  `id` int(11) NOT NULL AUTO_INCREMENT,
  `codigo` varchar(50) NOT NULL,
  `tipo` int(11) NOT NULL,
  `bairro` int(11) NOT NULL,
  `situacao` tinyint(4) NOT NULL COMMENT '0 venda / 1 aluguel',
  `valor` double(13,2) NOT NULL,
  `condominio` double(9,2) DEFAULT NULL,
  `iptu` double(9,2) DEFAULT NULL,
  `area_util` double(9,2) NOT NULL,
  `area_lote` double(9,2) DEFAULT NULL,
  `area_const` double(9,2) DEFAULT NULL,
  `banheiros` int(11) NOT NULL DEFAULT '0',
  `suites` int(11) DEFAULT '0',
  `quartos` int(11) DEFAULT '0',
  `salas` int(11) DEFAULT '0',
  `vagas` int(11) DEFAULT '0',
  `varandas` int(11) DEFAULT '0',
  `descricao` text NOT NULL,
  PRIMARY KEY (`id`),
  KEY `bairro` (`bairro`),
  KEY `tipo` (`tipo`),
  CONSTRAINT `FK_imovel_bairro` FOREIGN KEY (`bairro`) REFERENCES `bairro` (`codigo`),
  CONSTRAINT `FK_imovel_tipo_imovel` FOREIGN KEY (`tipo`) REFERENCES `tipo_imovel` (`id`)
) ENGINE=InnoDB AUTO_INCREMENT=8 DEFAULT CHARSET=utf8;
/*!40101 SET character_set_client = @saved_cs_client */;

--
-- Dumping data for table `imovel`
--

LOCK TABLES `imovel` WRITE;
/*!40000 ALTER TABLE `imovel` DISABLE KEYS */;
INSERT INTO `imovel` VALUES (3,'COD123',3,42028,1,500.54,150.00,0.00,48.00,NULL,NULL,1,NULL,2,1,1,NULL,'Muito bom imovel e blalblbalba'),(6,'COD321',7,3265,0,535.00,0.00,53.00,25.00,50.00,30.00,2,1,3,2,3,1,'Ótimo barracão em excelente localização'),(7,'1',19,34524,0,0.01,NULL,NULL,50.00,NULL,NULL,1,NULL,5,NULL,NULL,NULL,'');
/*!40000 ALTER TABLE `imovel` ENABLE KEYS */;
UNLOCK TABLES;

--
-- Table structure for table `tipo_imovel`
--

DROP TABLE IF EXISTS `tipo_imovel`;
/*!40101 SET @saved_cs_client     = @@character_set_client */;
/*!40101 SET character_set_client = utf8 */;
CREATE TABLE `tipo_imovel` (
  `id` int(11) NOT NULL AUTO_INCREMENT,
  `nome` varchar(250) DEFAULT '0',
  PRIMARY KEY (`id`)
) ENGINE=InnoDB AUTO_INCREMENT=41 DEFAULT CHARSET=utf8;
/*!40101 SET character_set_client = @saved_cs_client */;

--
-- Dumping data for table `tipo_imovel`
--

LOCK TABLES `tipo_imovel` WRITE;
/*!40000 ALTER TABLE `tipo_imovel` DISABLE KEYS */;
INSERT INTO `tipo_imovel` VALUES (1,'Andar'),(2,'Apart Hotel'),(3,'Apartamento'),(4,'Apartamento com área privativa'),(5,'Apartamento Duplex'),(6,'Área Comercial '),(7,'Barracão'),(8,'Casa'),(9,'Casa comercial'),(10,'Casa Duplex'),(11,'Casa em condomínio'),(12,'Casa geminada'),(13,'Casa geminada coletiva'),(14,'Casa Triplex'),(15,'Chácara'),(16,'Cobertura'),(17,'Cobertura Duplex'),(18,'Cobertura Triplex'),(19,'Conjunto de Salas'),(20,'Estacionamento'),(21,'Fazenda'),(22,'Flat'),(23,'Galpão'),(24,'Garagem'),(25,'Hotel'),(26,'Kitnet'),(27,'Loft'),(28,'Loja'),(29,'Lote'),(30,'Lote Comercial'),(31,'Lotes em Condomínio'),(32,'Outros'),(33,'Ponto Comercial'),(34,'Posto de Gasolina'),(35,'Prédio'),(36,'Prédio Comercial'),(37,'Sala'),(38,'Sítio'),(39,'Terraço'),(40,'Terreno / Área');
/*!40000 ALTER TABLE `tipo_imovel` ENABLE KEYS */;
UNLOCK TABLES;

--
-- Table structure for table `uf`
--

DROP TABLE IF EXISTS `uf`;
/*!40101 SET @saved_cs_client     = @@character_set_client */;
/*!40101 SET character_set_client = utf8 */;
CREATE TABLE `uf` (
  `codigo` int(11) NOT NULL,
  `sigla` varchar(2) NOT NULL,
  `nome` varchar(30) NOT NULL,
  PRIMARY KEY (`codigo`)
) ENGINE=InnoDB DEFAULT CHARSET=utf8;
/*!40101 SET character_set_client = @saved_cs_client */;

--
-- Dumping data for table `uf`
--

LOCK TABLES `uf` WRITE;
/*!40000 ALTER TABLE `uf` DISABLE KEYS */;
INSERT INTO `uf` VALUES (11,'MG','Minas Gerais');
/*!40000 ALTER TABLE `uf` ENABLE KEYS */;
UNLOCK TABLES;

--
-- Table structure for table `usuario`
--

DROP TABLE IF EXISTS `usuario`;
/*!40101 SET @saved_cs_client     = @@character_set_client */;
/*!40101 SET character_set_client = utf8 */;
CREATE TABLE `usuario` (
  `id` int(11) NOT NULL AUTO_INCREMENT,
  `login` int(11) NOT NULL,
  `email` varchar(250) NOT NULL,
  `senha` varchar(64) NOT NULL,
  `token` varchar(250) NOT NULL,
  `auth_key` varchar(250) NOT NULL,
  `perfil` tinyint(4) NOT NULL,
  `ativo` tinyint(4) NOT NULL DEFAULT '0',
  PRIMARY KEY (`id`)
) ENGINE=InnoDB DEFAULT CHARSET=utf8;
/*!40101 SET character_set_client = @saved_cs_client */;

--
-- Dumping data for table `usuario`
--

LOCK TABLES `usuario` WRITE;
/*!40000 ALTER TABLE `usuario` DISABLE KEYS */;
/*!40000 ALTER TABLE `usuario` ENABLE KEYS */;
UNLOCK TABLES;
/*!40103 SET TIME_ZONE=@OLD_TIME_ZONE */;

/*!40101 SET SQL_MODE=@OLD_SQL_MODE */;
/*!40014 SET FOREIGN_KEY_CHECKS=@OLD_FOREIGN_KEY_CHECKS */;
/*!40014 SET UNIQUE_CHECKS=@OLD_UNIQUE_CHECKS */;
/*!40101 SET CHARACTER_SET_CLIENT=@OLD_CHARACTER_SET_CLIENT */;
/*!40101 SET CHARACTER_SET_RESULTS=@OLD_CHARACTER_SET_RESULTS */;
/*!40101 SET COLLATION_CONNECTION=@OLD_COLLATION_CONNECTION */;
/*!40111 SET SQL_NOTES=@OLD_SQL_NOTES */;

-- Dump completed on 2015-06-28 23:12:56
